{
  "model": "trial_62",
  "dataset": "mnli",
  "timestamp": "2026-01-30 05:43:07",
  "overall_accuracy": 0.7237901171676007,
  "metrics": {
    "accuracy": 0.7237901171676007,
    "f1_macro": 0.7239651859884061,
    "precision_macro": 0.744667565623801,
    "recall_macro": 0.727602222054157,
    "confusion_matrix": [
      [
        2095,
        992,
        392
      ],
      [
        172,
        2413,
        538
      ],
      [
        112,
        505,
        2596
      ]
    ]
  },
  "per_class_stats": {
    "0": {
      "accuracy": 0.6021845357861454,
      "precision": 0.8806221101303069,
      "recall": 0.6021845357861454,
      "f1": 0.7152611812905428,
      "mean_confidence": 0.7504669976064066
    },
    "1": {
      "accuracy": 0.7726544988792827,
      "precision": 0.6171355498721227,
      "recall": 0.7726544988792827,
      "f1": 0.6861936584672259,
      "mean_confidence": 0.773307103909495
    },
    "2": {
      "accuracy": 0.8079676314970433,
      "precision": 0.7362450368689734,
      "recall": 0.8079676314970433,
      "f1": 0.7704407182074492,
      "mean_confidence": 0.8518850449821318
    }
  }
}