{
  "model": "trial_62",
  "dataset": "sst2",
  "timestamp": "2026-01-30 05:43:07",
  "overall_accuracy": 0.7878440366972477,
  "metrics": {
    "accuracy": 0.7878440366972477,
    "f1_macro": 0.778727256516998,
    "precision_macro": 0.8345528832760702,
    "recall_macro": 0.7843836827481687,
    "confusion_matrix": [
      [
        255,
        173
      ],
      [
        12,
        432
      ]
    ]
  },
  "per_class_stats": {
    "0": {
      "accuracy": 0.5957943925233645,
      "precision": 0.9550561797752809,
      "recall": 0.5957943925233645,
      "f1": 0.7338129496402878,
      "mean_confidence": 0.7565945502970549
    },
    "1": {
      "accuracy": 0.972972972972973,
      "precision": 0.7140495867768595,
      "recall": 0.972972972972973,
      "f1": 0.8236415633937083,
      "mean_confidence": 0.9064617401312205
    }
  }
}