{
  "model": "trial_62",
  "dataset": "ag-news",
  "timestamp": "2026-01-30 05:43:07",
  "overall_accuracy": 0.9273684210526316,
  "metrics": {
    "accuracy": 0.9273684210526316,
    "f1_macro": 0.9272361817896412,
    "precision_macro": 0.9285576337467951,
    "recall_macro": 0.9273684210526316,
    "confusion_matrix": [
      [
        1843,
        9,
        31,
        17
      ],
      [
        38,
        1844,
        13,
        5
      ],
      [
        87,
        6,
        1710,
        97
      ],
      [
        101,
        5,
        143,
        1651
      ]
    ]
  },
  "per_class_stats": {
    "0": {
      "accuracy": 0.97,
      "precision": 0.8907684871918802,
      "recall": 0.97,
      "f1": 0.9286974048878811,
      "mean_confidence": 0.9643286233682342
    },
    "1": {
      "accuracy": 0.9705263157894737,
      "precision": 0.9892703862660944,
      "recall": 0.9705263157894737,
      "f1": 0.9798087141339001,
      "mean_confidence": 0.9815027859269805
    },
    "2": {
      "accuracy": 0.9,
      "precision": 0.9014232999472852,
      "recall": 0.9,
      "f1": 0.9007110877008164,
      "mean_confidence": 0.9378909660944137
    },
    "3": {
      "accuracy": 0.8689473684210526,
      "precision": 0.9327683615819209,
      "recall": 0.8689473684210526,
      "f1": 0.8997275204359673,
      "mean_confidence": 0.9265255011912793
    }
  }
}