{
  "model": "trial_12",
  "dataset": "sst2",
  "timestamp": "2026-01-30 03:13:30",
  "overall_accuracy": 0.8188073394495413,
  "metrics": {
    "accuracy": 0.8188073394495413,
    "f1_macro": 0.8135814295842873,
    "precision_macro": 0.8510745270444076,
    "recall_macro": 0.8160099351688137,
    "confusion_matrix": [
      [
        284,
        144
      ],
      [
        14,
        430
      ]
    ]
  },
  "per_class_stats": {
    "0": {
      "accuracy": 0.6635514018691588,
      "precision": 0.9530201342281879,
      "recall": 0.6635514018691588,
      "f1": 0.7823691460055097,
      "mean_confidence": 0.7959523322998278
    },
    "1": {
      "accuracy": 0.9684684684684685,
      "precision": 0.7491289198606271,
      "recall": 0.9684684684684685,
      "f1": 0.8447937131630648,
      "mean_confidence": 0.9198751038375217
    }
  }
}