{
  "model": "trial_12",
  "dataset": "ag-news",
  "timestamp": "2026-01-30 03:13:30",
  "overall_accuracy": 0.9289473684210526,
  "metrics": {
    "accuracy": 0.9289473684210526,
    "f1_macro": 0.9288818119375299,
    "precision_macro": 0.9304190273176693,
    "recall_macro": 0.9289473684210526,
    "confusion_matrix": [
      [
        1849,
        9,
        27,
        15
      ],
      [
        39,
        1841,
        14,
        6
      ],
      [
        100,
        4,
        1703,
        93
      ],
      [
        101,
        4,
        128,
        1667
      ]
    ]
  },
  "per_class_stats": {
    "0": {
      "accuracy": 0.9731578947368421,
      "precision": 0.8851124940162757,
      "recall": 0.9731578947368421,
      "f1": 0.9270493858109802,
      "mean_confidence": 0.9563177256934549
    },
    "1": {
      "accuracy": 0.9689473684210527,
      "precision": 0.9908503767491926,
      "recall": 0.9689473684210527,
      "f1": 0.979776476849388,
      "mean_confidence": 0.9766063876249562
    },
    "2": {
      "accuracy": 0.8963157894736842,
      "precision": 0.9097222222222222,
      "recall": 0.8963157894736842,
      "f1": 0.9029692470837752,
      "mean_confidence": 0.9366992418773663
    },
    "3": {
      "accuracy": 0.8773684210526316,
      "precision": 0.9359910162829871,
      "recall": 0.8773684210526316,
      "f1": 0.9057321380059766,
      "mean_confidence": 0.9225260133090011
    }
  }
}