{
  "model": "trial_71",
  "dataset": "sst2",
  "timestamp": "2026-01-30 01:20:59",
  "overall_accuracy": 0.7626146788990825,
  "metrics": {
    "accuracy": 0.7626146788990825,
    "f1_macro": 0.7475521492556101,
    "precision_macro": 0.831611186525383,
    "recall_macro": 0.7583880609581544,
    "confusion_matrix": [
      [
        226,
        202
      ],
      [
        5,
        439
      ]
    ]
  },
  "per_class_stats": {
    "0": {
      "accuracy": 0.5280373831775701,
      "precision": 0.9783549783549783,
      "recall": 0.5280373831775701,
      "f1": 0.6858877086494689,
      "mean_confidence": 0.6349571765243233
    },
    "1": {
      "accuracy": 0.9887387387387387,
      "precision": 0.6848673946957878,
      "recall": 0.9887387387387387,
      "f1": 0.8092165898617512,
      "mean_confidence": 0.7706284034828685
    }
  }
}