{
  "model": "trial_71",
  "dataset": "ag-news",
  "timestamp": "2026-01-30 01:20:59",
  "overall_accuracy": 0.835,
  "metrics": {
    "accuracy": 0.835,
    "f1_macro": 0.8357466789825216,
    "precision_macro": 0.8481209306986073,
    "recall_macro": 0.835,
    "confusion_matrix": [
      [
        1700,
        17,
        89,
        94
      ],
      [
        230,
        1420,
        172,
        78
      ],
      [
        83,
        0,
        1672,
        145
      ],
      [
        51,
        1,
        294,
        1554
      ]
    ]
  },
  "per_class_stats": {
    "0": {
      "accuracy": 0.8947368421052632,
      "precision": 0.8236434108527132,
      "recall": 0.8947368421052632,
      "f1": 0.8577194752774975,
      "mean_confidence": 0.7811727064928805
    },
    "1": {
      "accuracy": 0.7473684210526316,
      "precision": 0.9874826147426982,
      "recall": 0.7473684210526316,
      "f1": 0.8508088675853804,
      "mean_confidence": 0.6750476836785156
    },
    "2": {
      "accuracy": 0.88,
      "precision": 0.7507858105074091,
      "recall": 0.88,
      "f1": 0.8102738066392052,
      "mean_confidence": 0.7453250990595901
    },
    "3": {
      "accuracy": 0.8178947368421052,
      "precision": 0.8305718866916088,
      "recall": 0.8178947368421052,
      "f1": 0.8241845664280032,
      "mean_confidence": 0.7166085348034975
    }
  }
}