{
  "model": "trial_55",
  "dataset": "sst2",
  "timestamp": "2026-01-30 05:23:25",
  "overall_accuracy": 0.7901376146788991,
  "metrics": {
    "accuracy": 0.7901376146788991,
    "f1_macro": 0.7823446210167235,
    "precision_macro": 0.8295677769920277,
    "recall_macro": 0.786930622210996,
    "confusion_matrix": [
      [
        262,
        166
      ],
      [
        17,
        427
      ]
    ]
  },
  "per_class_stats": {
    "0": {
      "accuracy": 0.6121495327102804,
      "precision": 0.9390681003584229,
      "recall": 0.6121495327102804,
      "f1": 0.7411598302687411,
      "mean_confidence": 0.814570351527156
    },
    "1": {
      "accuracy": 0.9617117117117117,
      "precision": 0.7200674536256324,
      "recall": 0.9617117117117117,
      "f1": 0.8235294117647058,
      "mean_confidence": 0.9155978051848195
    }
  }
}