{
  "model": "trial_55",
  "dataset": "mnli",
  "timestamp": "2026-01-30 05:23:25",
  "overall_accuracy": 0.6312786551197147,
  "metrics": {
    "accuracy": 0.6312786551197147,
    "f1_macro": 0.6260306067103135,
    "precision_macro": 0.6936808387727211,
    "recall_macro": 0.6391066174680557,
    "confusion_matrix": [
      [
        1395,
        1587,
        497
      ],
      [
        114,
        2464,
        545
      ],
      [
        73,
        803,
        2337
      ]
    ]
  },
  "per_class_stats": {
    "0": {
      "accuracy": 0.4009772923253809,
      "precision": 0.881795195954488,
      "recall": 0.4009772923253809,
      "f1": 0.5512744516893895,
      "mean_confidence": 0.7003833241807826
    },
    "1": {
      "accuracy": 0.7889849503682357,
      "precision": 0.507622579316028,
      "recall": 0.7889849503682357,
      "f1": 0.6177761063056287,
      "mean_confidence": 0.7743902182844278
    },
    "2": {
      "accuracy": 0.7273576097105509,
      "precision": 0.6916247410476473,
      "recall": 0.7273576097105509,
      "f1": 0.7090412621359223,
      "mean_confidence": 0.826881584806462
    }
  }
}