{
  "model": "trial_8",
  "dataset": "sst2",
  "timestamp": "2026-02-02 21:53:39",
  "overall_accuracy": 0.6995412844036697,
  "metrics": {
    "accuracy": 0.6995412844036697,
    "f1_macro": 0.6716848597722557,
    "precision_macro": 0.7851365951535731,
    "recall_macro": 0.6944304117201314,
    "confusion_matrix": [
      [
        178,
        250
      ],
      [
        12,
        432
      ]
    ]
  },
  "per_class_stats": {
    "0": {
      "accuracy": 0.4158878504672897,
      "precision": 0.9368421052631579,
      "recall": 0.4158878504672897,
      "f1": 0.5760517799352751,
      "mean_confidence": 0.5856385943136717
    },
    "1": {
      "accuracy": 0.972972972972973,
      "precision": 0.6334310850439883,
      "recall": 0.972972972972973,
      "f1": 0.7673179396092362,
      "mean_confidence": 0.6791459263419826
    }
  }
}