{
  "model": "trial_8",
  "dataset": "ag-news",
  "timestamp": "2026-02-02 21:53:39",
  "overall_accuracy": 0.8225,
  "metrics": {
    "accuracy": 0.8225,
    "f1_macro": 0.8243778056732343,
    "precision_macro": 0.8350869316360839,
    "recall_macro": 0.8225,
    "confusion_matrix": [
      [
        1590,
        29,
        88,
        193
      ],
      [
        168,
        1458,
        91,
        183
      ],
      [
        79,
        6,
        1597,
        218
      ],
      [
        36,
        1,
        257,
        1606
      ]
    ]
  },
  "per_class_stats": {
    "0": {
      "accuracy": 0.8368421052631579,
      "precision": 0.8489054991991457,
      "recall": 0.8368421052631579,
      "f1": 0.8428306387490061,
      "mean_confidence": 0.7737210302892625
    },
    "1": {
      "accuracy": 0.7673684210526316,
      "precision": 0.9759036144578314,
      "recall": 0.7673684210526316,
      "f1": 0.8591632292280496,
      "mean_confidence": 0.7078022747992512
    },
    "2": {
      "accuracy": 0.8405263157894737,
      "precision": 0.7855386128873586,
      "recall": 0.8405263157894737,
      "f1": 0.8121027205695398,
      "mean_confidence": 0.7524244173283772
    },
    "3": {
      "accuracy": 0.8452631578947368,
      "precision": 0.73,
      "recall": 0.8452631578947368,
      "f1": 0.7834146341463415,
      "mean_confidence": 0.722303245826201
    }
  }
}