{
  "model": "trial_8",
  "dataset": "mnli",
  "timestamp": "2026-02-02 21:53:40",
  "overall_accuracy": 0.32338257768721346,
  "metrics": {
    "accuracy": 0.32338257768721346,
    "f1_macro": 0.18196287427700608,
    "precision_macro": 0.4209655040523341,
    "recall_macro": 0.3384132231934534,
    "confusion_matrix": [
      [
        4,
        3465,
        10
      ],
      [
        2,
        3063,
        58
      ],
      [
        6,
        3100,
        107
      ]
    ]
  },
  "per_class_stats": {
    "0": {
      "accuracy": 0.0011497556769186547,
      "precision": 0.3333333333333333,
      "recall": 0.0011497556769186547,
      "f1": 0.0022916069894013177,
      "mean_confidence": 0.5212896168231964
    },
    "1": {
      "accuracy": 0.9807877041306436,
      "precision": 0.31813460739509763,
      "recall": 0.9807877041306436,
      "f1": 0.4804329072229629,
      "mean_confidence": 0.7007408007905104
    },
    "2": {
      "accuracy": 0.033302209772798005,
      "precision": 0.6114285714285714,
      "recall": 0.033302209772798005,
      "f1": 0.06316410861865407,
      "mean_confidence": 0.7889812636375427
    }
  }
}