{
  "model": "trial_12",
  "dataset": "mnli",
  "timestamp": "2026-02-01 03:44:37",
  "overall_accuracy": 0.4085583290881304,
  "metrics": {
    "accuracy": 0.4085583290881304,
    "f1_macro": 0.35980611467278156,
    "precision_macro": 0.532599239582226,
    "recall_macro": 0.41770050884669657,
    "confusion_matrix": [
      [
        812,
        2590,
        77
      ],
      [
        248,
        2717,
        158
      ],
      [
        359,
        2373,
        481
      ]
    ]
  },
  "per_class_stats": {
    "0": {
      "accuracy": 0.23340040241448692,
      "precision": 0.5722339675828048,
      "recall": 0.23340040241448692,
      "f1": 0.3315639036341364,
      "mean_confidence": 0.5708009513479627
    },
    "1": {
      "accuracy": 0.8699967979506884,
      "precision": 0.35377604166666665,
      "recall": 0.8699967979506884,
      "f1": 0.5030084235860409,
      "mean_confidence": 0.6609073361226668
    },
    "2": {
      "accuracy": 0.14970432617491441,
      "precision": 0.6717877094972067,
      "recall": 0.14970432617491441,
      "f1": 0.24484601679816748,
      "mean_confidence": 0.7048650568756978
    }
  }
}