{
  "model": "trial_12",
  "dataset": "sst2",
  "timestamp": "2026-02-01 03:44:37",
  "overall_accuracy": 0.6295871559633027,
  "metrics": {
    "accuracy": 0.6295871559633027,
    "f1_macro": 0.5689741451209341,
    "precision_macro": 0.7644251995245372,
    "recall_macro": 0.6229161404395049,
    "confusion_matrix": [
      [
        111,
        317
      ],
      [
        6,
        438
      ]
    ]
  },
  "per_class_stats": {
    "0": {
      "accuracy": 0.25934579439252337,
      "precision": 0.9487179487179487,
      "recall": 0.25934579439252337,
      "f1": 0.4073394495412844,
      "mean_confidence": 0.6204943881075606
    },
    "1": {
      "accuracy": 0.9864864864864865,
      "precision": 0.5801324503311258,
      "recall": 0.9864864864864865,
      "f1": 0.7306088407005839,
      "mean_confidence": 0.7907365060010493
    }
  }
}