{
  "model": "trial_12",
  "dataset": "ag-news",
  "timestamp": "2026-02-01 03:44:37",
  "overall_accuracy": 0.9002631578947369,
  "metrics": {
    "accuracy": 0.9002631578947369,
    "f1_macro": 0.9001493110314746,
    "precision_macro": 0.901531612106994,
    "recall_macro": 0.9002631578947369,
    "confusion_matrix": [
      [
        1741,
        43,
        58,
        58
      ],
      [
        28,
        1857,
        9,
        6
      ],
      [
        91,
        7,
        1688,
        114
      ],
      [
        46,
        6,
        292,
        1556
      ]
    ]
  },
  "per_class_stats": {
    "0": {
      "accuracy": 0.9163157894736842,
      "precision": 0.9134312696747114,
      "recall": 0.9163157894736842,
      "f1": 0.9148712559117184,
      "mean_confidence": 0.9401822092025253
    },
    "1": {
      "accuracy": 0.9773684210526316,
      "precision": 0.970726607422896,
      "recall": 0.9773684210526316,
      "f1": 0.9740361919748229,
      "mean_confidence": 0.9415605602249448
    },
    "2": {
      "accuracy": 0.888421052631579,
      "precision": 0.8246213971665852,
      "recall": 0.888421052631579,
      "f1": 0.85533316442868,
      "mean_confidence": 0.9019325089617712
    },
    "3": {
      "accuracy": 0.8189473684210526,
      "precision": 0.8973471741637832,
      "recall": 0.8189473684210526,
      "f1": 0.8563566318106769,
      "mean_confidence": 0.8798785721657598
    }
  }
}