{
  "model": "trial_67",
  "dataset": "sst2",
  "timestamp": "2026-01-30 05:58:41",
  "overall_accuracy": 0.6353211009174312,
  "metrics": {
    "accuracy": 0.6353211009174312,
    "f1_macro": 0.576910870785831,
    "precision_macro": 0.7710549645390071,
    "recall_macro": 0.6287151637618927,
    "confusion_matrix": [
      [
        115,
        313
      ],
      [
        5,
        439
      ]
    ]
  },
  "per_class_stats": {
    "0": {
      "accuracy": 0.26869158878504673,
      "precision": 0.9583333333333334,
      "recall": 0.26869158878504673,
      "f1": 0.4197080291970803,
      "mean_confidence": 0.6134722337126732
    },
    "1": {
      "accuracy": 0.9887387387387387,
      "precision": 0.5837765957446809,
      "recall": 0.9887387387387387,
      "f1": 0.7341137123745819,
      "mean_confidence": 0.7839232013422124
    }
  }
}