{
  "model": "trial_67",
  "dataset": "ag-news",
  "timestamp": "2026-01-30 05:58:41",
  "overall_accuracy": 0.9425,
  "metrics": {
    "accuracy": 0.9425,
    "f1_macro": 0.9424400727846812,
    "precision_macro": 0.9424793335773375,
    "recall_macro": 0.9424999999999999,
    "confusion_matrix": [
      [
        1833,
        10,
        33,
        24
      ],
      [
        14,
        1869,
        13,
        4
      ],
      [
        52,
        5,
        1730,
        113
      ],
      [
        47,
        5,
        117,
        1731
      ]
    ]
  },
  "per_class_stats": {
    "0": {
      "accuracy": 0.9647368421052631,
      "precision": 0.9419321685508736,
      "recall": 0.9647368421052631,
      "f1": 0.953198127925117,
      "mean_confidence": 0.9757265811068181
    },
    "1": {
      "accuracy": 0.9836842105263158,
      "precision": 0.9894123875066173,
      "recall": 0.9836842105263158,
      "f1": 0.9865399841646872,
      "mean_confidence": 0.9889534635478192
    },
    "2": {
      "accuracy": 0.9105263157894737,
      "precision": 0.9138932910723719,
      "recall": 0.9105263157894737,
      "f1": 0.9122066965462694,
      "mean_confidence": 0.9509033455429289
    },
    "3": {
      "accuracy": 0.9110526315789473,
      "precision": 0.9246794871794872,
      "recall": 0.9110526315789473,
      "f1": 0.9178154825026511,
      "mean_confidence": 0.947417995884505
    }
  }
}