{
  "model": "trial_67",
  "dataset": "mnli",
  "timestamp": "2026-01-30 05:58:41",
  "overall_accuracy": 0.6562404482934284,
  "metrics": {
    "accuracy": 0.6562404482934284,
    "f1_macro": 0.6575456061252436,
    "precision_macro": 0.7212185017618272,
    "recall_macro": 0.6629211357663439,
    "confusion_matrix": [
      [
        1677,
        1562,
        240
      ],
      [
        143,
        2676,
        304
      ],
      [
        133,
        992,
        2088
      ]
    ]
  },
  "per_class_stats": {
    "0": {
      "accuracy": 0.482035067548146,
      "precision": 0.858678955453149,
      "recall": 0.482035067548146,
      "f1": 0.6174521354933726,
      "mean_confidence": 0.7421144769244236
    },
    "1": {
      "accuracy": 0.8568683957732949,
      "precision": 0.5116634799235181,
      "recall": 0.8568683957732949,
      "f1": 0.6407278821980127,
      "mean_confidence": 0.7996118457264928
    },
    "2": {
      "accuracy": 0.6498599439775911,
      "precision": 0.7933130699088146,
      "recall": 0.6498599439775911,
      "f1": 0.7144568006843456,
      "mean_confidence": 0.8257946974645994
    }
  }
}