{
  "model": "trial_70",
  "dataset": "ag-news",
  "timestamp": "2026-01-30 01:17:32",
  "overall_accuracy": 0.88,
  "metrics": {
    "accuracy": 0.88,
    "f1_macro": 0.8808702176873926,
    "precision_macro": 0.8859965195283009,
    "recall_macro": 0.88,
    "confusion_matrix": [
      [
        1751,
        15,
        68,
        66
      ],
      [
        136,
        1634,
        100,
        30
      ],
      [
        72,
        2,
        1710,
        116
      ],
      [
        56,
        2,
        249,
        1593
      ]
    ]
  },
  "per_class_stats": {
    "0": {
      "accuracy": 0.921578947368421,
      "precision": 0.8689826302729529,
      "recall": 0.921578947368421,
      "f1": 0.8945083014048532,
      "mean_confidence": 0.8531703234162579
    },
    "1": {
      "accuracy": 0.86,
      "precision": 0.9885057471264368,
      "recall": 0.86,
      "f1": 0.9197860962566845,
      "mean_confidence": 0.7783418151370266
    },
    "2": {
      "accuracy": 0.9,
      "precision": 0.8039492242595204,
      "recall": 0.9,
      "f1": 0.8492674447479513,
      "mean_confidence": 0.8156566650137747
    },
    "3": {
      "accuracy": 0.838421052631579,
      "precision": 0.8825484764542936,
      "recall": 0.838421052631579,
      "f1": 0.8599190283400809,
      "mean_confidence": 0.783400316350678
    }
  }
}