{
  "model": "trial_70",
  "dataset": "mnli",
  "timestamp": "2026-01-30 01:17:32",
  "overall_accuracy": 0.6530820173204279,
  "metrics": {
    "accuracy": 0.6530820173204279,
    "f1_macro": 0.639691436252732,
    "precision_macro": 0.7265265804507308,
    "recall_macro": 0.6534658463572742,
    "confusion_matrix": [
      [
        2476,
        987,
        16
      ],
      [
        321,
        2709,
        93
      ],
      [
        604,
        1384,
        1225
      ]
    ]
  },
  "per_class_stats": {
    "0": {
      "accuracy": 0.7116987640126473,
      "precision": 0.7280211702440459,
      "recall": 0.7116987640126473,
      "f1": 0.7197674418604652,
      "mean_confidence": 0.724721250753829
    },
    "1": {
      "accuracy": 0.8674351585014409,
      "precision": 0.533267716535433,
      "recall": 0.8674351585014409,
      "f1": 0.6604900646105083,
      "mean_confidence": 0.7379370905517593
    },
    "2": {
      "accuracy": 0.3812636165577342,
      "precision": 0.9182908545727136,
      "recall": 0.3812636165577342,
      "f1": 0.5388168022872224,
      "mean_confidence": 0.8004693088234811
    }
  }
}