{
  "model": "trial_70",
  "dataset": "sst2",
  "timestamp": "2026-01-30 01:17:32",
  "overall_accuracy": 0.7396788990825688,
  "metrics": {
    "accuracy": 0.7396788990825688,
    "f1_macro": 0.719663784618217,
    "precision_macro": 0.8202242760143685,
    "recall_macro": 0.735023574976846,
    "confusion_matrix": [
      [
        206,
        222
      ],
      [
        5,
        439
      ]
    ]
  },
  "per_class_stats": {
    "0": {
      "accuracy": 0.48130841121495327,
      "precision": 0.976303317535545,
      "recall": 0.48130841121495327,
      "f1": 0.6447574334898278,
      "mean_confidence": 0.619583430730901
    },
    "1": {
      "accuracy": 0.9887387387387387,
      "precision": 0.6641452344931922,
      "recall": 0.9887387387387387,
      "f1": 0.7945701357466063,
      "mean_confidence": 0.7504205307873943
    }
  }
}