{
  "model": "trial_76",
  "dataset": "ag-news",
  "timestamp": "2026-01-30 01:36:50",
  "overall_accuracy": 0.7886842105263158,
  "metrics": {
    "accuracy": 0.7886842105263158,
    "f1_macro": 0.7873849794779124,
    "precision_macro": 0.8111681102389696,
    "recall_macro": 0.7886842105263158,
    "confusion_matrix": [
      [
        1633,
        16,
        104,
        147
      ],
      [
        327,
        1186,
        238,
        149
      ],
      [
        89,
        0,
        1643,
        168
      ],
      [
        49,
        2,
        317,
        1532
      ]
    ]
  },
  "per_class_stats": {
    "0": {
      "accuracy": 0.8594736842105263,
      "precision": 0.7783603431839847,
      "recall": 0.8594736842105263,
      "f1": 0.8169084542271136,
      "mean_confidence": 0.6982126478017001
    },
    "1": {
      "accuracy": 0.6242105263157894,
      "precision": 0.9850498338870431,
      "recall": 0.6242105263157894,
      "f1": 0.7641752577319587,
      "mean_confidence": 0.5808059699412597
    },
    "2": {
      "accuracy": 0.8647368421052631,
      "precision": 0.7137271937445699,
      "recall": 0.8647368421052631,
      "f1": 0.7820085673488815,
      "mean_confidence": 0.6696681591814027
    },
    "3": {
      "accuracy": 0.8063157894736842,
      "precision": 0.7675350701402806,
      "recall": 0.8063157894736842,
      "f1": 0.7864476386036962,
      "mean_confidence": 0.6568140005599521
    }
  }
}