{
  "model": "trial_76",
  "dataset": "mnli",
  "timestamp": "2026-01-30 01:36:50",
  "overall_accuracy": 0.736220071319409,
  "metrics": {
    "accuracy": 0.736220071319409,
    "f1_macro": 0.7322859532231728,
    "precision_macro": 0.7704151655135526,
    "recall_macro": 0.7352999537244749,
    "confusion_matrix": [
      [
        2805,
        649,
        25
      ],
      [
        352,
        2638,
        133
      ],
      [
        499,
        931,
        1783
      ]
    ]
  },
  "per_class_stats": {
    "0": {
      "accuracy": 0.8062661684392066,
      "precision": 0.7672319474835886,
      "recall": 0.8062661684392066,
      "f1": 0.7862648913805186,
      "mean_confidence": 0.8039179814967207
    },
    "1": {
      "accuracy": 0.8447006083893692,
      "precision": 0.6254148885727833,
      "recall": 0.8447006083893692,
      "f1": 0.7187031739545021,
      "mean_confidence": 0.7749770889142612
    },
    "2": {
      "accuracy": 0.554933084344849,
      "precision": 0.9185986604842864,
      "recall": 0.554933084344849,
      "f1": 0.6918897943344975,
      "mean_confidence": 0.8423324815395381
    }
  }
}