{
  "model": "trial_76",
  "dataset": "sst2",
  "timestamp": "2026-01-30 01:36:50",
  "overall_accuracy": 0.7637614678899083,
  "metrics": {
    "accuracy": 0.7637614678899083,
    "f1_macro": 0.748621583345928,
    "precision_macro": 0.8339834755519436,
    "recall_macro": 0.7595141870842805,
    "confusion_matrix": [
      [
        226,
        202
      ],
      [
        4,
        440
      ]
    ]
  },
  "per_class_stats": {
    "0": {
      "accuracy": 0.5280373831775701,
      "precision": 0.9826086956521739,
      "recall": 0.5280373831775701,
      "f1": 0.6869300911854104,
      "mean_confidence": 0.6331499693186387
    },
    "1": {
      "accuracy": 0.990990990990991,
      "precision": 0.6853582554517134,
      "recall": 0.990990990990991,
      "f1": 0.8103130755064457,
      "mean_confidence": 0.7785307694447003
    }
  }
}