{
  "model": "trial_17",
  "dataset": "mnli",
  "timestamp": "2026-01-30 03:29:00",
  "overall_accuracy": 0.6437086092715232,
  "metrics": {
    "accuracy": 0.6437086092715232,
    "f1_macro": 0.6433572585489515,
    "precision_macro": 0.6759538862506371,
    "recall_macro": 0.6488521695398374,
    "confusion_matrix": [
      [
        1707,
        1303,
        469
      ],
      [
        236,
        2318,
        569
      ],
      [
        165,
        755,
        2293
      ]
    ]
  },
  "per_class_stats": {
    "0": {
      "accuracy": 0.4906582351250359,
      "precision": 0.8097722960151803,
      "recall": 0.4906582351250359,
      "f1": 0.6110613925183461,
      "mean_confidence": 0.6902896011887963
    },
    "1": {
      "accuracy": 0.7422350304194685,
      "precision": 0.529707495429616,
      "recall": 0.7422350304194685,
      "f1": 0.6182157621016136,
      "mean_confidence": 0.7260056852245571
    },
    "2": {
      "accuracy": 0.7136632430750078,
      "precision": 0.6883818673071149,
      "recall": 0.7136632430750078,
      "f1": 0.7007946210268948,
      "mean_confidence": 0.8048683015550804
    }
  }
}