{
  "model": "trial_17",
  "dataset": "ag-news",
  "timestamp": "2026-01-30 03:29:00",
  "overall_accuracy": 0.9371052631578948,
  "metrics": {
    "accuracy": 0.9371052631578948,
    "f1_macro": 0.9369632122826378,
    "precision_macro": 0.9374206445114623,
    "recall_macro": 0.9371052631578947,
    "confusion_matrix": [
      [
        1845,
        7,
        28,
        20
      ],
      [
        23,
        1861,
        12,
        4
      ],
      [
        72,
        6,
        1717,
        105
      ],
      [
        74,
        6,
        121,
        1699
      ]
    ]
  },
  "per_class_stats": {
    "0": {
      "accuracy": 0.9710526315789474,
      "precision": 0.9160873882820258,
      "recall": 0.9710526315789474,
      "f1": 0.942769545222279,
      "mean_confidence": 0.9724421604742715
    },
    "1": {
      "accuracy": 0.9794736842105263,
      "precision": 0.9898936170212767,
      "recall": 0.9794736842105263,
      "f1": 0.9846560846560847,
      "mean_confidence": 0.9894381635366603
    },
    "2": {
      "accuracy": 0.9036842105263158,
      "precision": 0.9142705005324814,
      "recall": 0.9036842105263158,
      "f1": 0.9089465325569084,
      "mean_confidence": 0.9503166919794327
    },
    "3": {
      "accuracy": 0.8942105263157895,
      "precision": 0.9294310722100656,
      "recall": 0.8942105263157895,
      "f1": 0.9114806866952789,
      "mean_confidence": 0.9429071064492284
    }
  }
}