{
  "model": "trial_17",
  "dataset": "sst2",
  "timestamp": "2026-01-30 03:29:00",
  "overall_accuracy": 0.7855504587155964,
  "metrics": {
    "accuracy": 0.7855504587155964,
    "f1_macro": 0.7763351187496141,
    "precision_macro": 0.8318537778190485,
    "recall_macro": 0.7820893323229772,
    "confusion_matrix": [
      [
        254,
        174
      ],
      [
        13,
        431
      ]
    ]
  },
  "per_class_stats": {
    "0": {
      "accuracy": 0.5934579439252337,
      "precision": 0.951310861423221,
      "recall": 0.5934579439252337,
      "f1": 0.7309352517985611,
      "mean_confidence": 0.7893127633837725
    },
    "1": {
      "accuracy": 0.9707207207207207,
      "precision": 0.7123966942148761,
      "recall": 0.9707207207207207,
      "f1": 0.8217349857006673,
      "mean_confidence": 0.9034581325270913
    }
  }
}