{
  "model": "trial_87",
  "dataset": "mnli",
  "timestamp": "2026-01-30 07:00:08",
  "overall_accuracy": 0.6842587875700459,
  "metrics": {
    "accuracy": 0.6842587875700459,
    "f1_macro": 0.6821897402911806,
    "precision_macro": 0.7083305143423472,
    "recall_macro": 0.6881077263023118,
    "confusion_matrix": [
      [
        1904,
        924,
        651
      ],
      [
        200,
        2160,
        763
      ],
      [
        102,
        459,
        2652
      ]
    ]
  },
  "per_class_stats": {
    "0": {
      "accuracy": 0.5472837022132797,
      "precision": 0.8631006346328196,
      "recall": 0.5472837022132797,
      "f1": 0.6698328935795954,
      "mean_confidence": 0.6881114680958356
    },
    "1": {
      "accuracy": 0.69164265129683,
      "precision": 0.6096528365791702,
      "recall": 0.69164265129683,
      "f1": 0.648064806480648,
      "mean_confidence": 0.7105483606293684
    },
    "2": {
      "accuracy": 0.8253968253968254,
      "precision": 0.6522380718150517,
      "recall": 0.8253968253968254,
      "f1": 0.7286715208132986,
      "mean_confidence": 0.8271943919921355
    }
  }
}