{
  "model": "trial_87",
  "dataset": "sst2",
  "timestamp": "2026-01-30 07:00:08",
  "overall_accuracy": 0.8130733944954128,
  "metrics": {
    "accuracy": 0.8130733944954128,
    "f1_macro": 0.8072949078273225,
    "precision_macro": 0.8474390941189647,
    "recall_macro": 0.8101688136734866,
    "confusion_matrix": [
      [
        279,
        149
      ],
      [
        14,
        430
      ]
    ]
  },
  "per_class_stats": {
    "0": {
      "accuracy": 0.6518691588785047,
      "precision": 0.9522184300341296,
      "recall": 0.6518691588785047,
      "f1": 0.7739251040221914,
      "mean_confidence": 0.8709647600561279
    },
    "1": {
      "accuracy": 0.9684684684684685,
      "precision": 0.7426597582037997,
      "recall": 0.9684684684684685,
      "f1": 0.8406647116324536,
      "mean_confidence": 0.9433849159505907
    }
  }
}