{
  "model": "trial_63",
  "dataset": "ag-news",
  "timestamp": "2026-01-30 00:56:44",
  "overall_accuracy": 0.8471052631578947,
  "metrics": {
    "accuracy": 0.8471052631578947,
    "f1_macro": 0.8480740114267316,
    "precision_macro": 0.857917788616575,
    "recall_macro": 0.8471052631578948,
    "confusion_matrix": [
      [
        1712,
        18,
        87,
        83
      ],
      [
        199,
        1488,
        147,
        66
      ],
      [
        79,
        1,
        1684,
        136
      ],
      [
        54,
        1,
        291,
        1554
      ]
    ]
  },
  "per_class_stats": {
    "0": {
      "accuracy": 0.9010526315789473,
      "precision": 0.837573385518591,
      "recall": 0.9010526315789473,
      "f1": 0.8681541582150102,
      "mean_confidence": 0.8016549777932129
    },
    "1": {
      "accuracy": 0.783157894736842,
      "precision": 0.986737400530504,
      "recall": 0.783157894736842,
      "f1": 0.8732394366197183,
      "mean_confidence": 0.7020113354336361
    },
    "2": {
      "accuracy": 0.8863157894736842,
      "precision": 0.7623358985966501,
      "recall": 0.8863157894736842,
      "f1": 0.8196641518617669,
      "mean_confidence": 0.7654051663730953
    },
    "3": {
      "accuracy": 0.8178947368421052,
      "precision": 0.8450244698205547,
      "recall": 0.8178947368421052,
      "f1": 0.8312382990104306,
      "mean_confidence": 0.7333288604860528
    }
  }
}