{
  "model": "trial_63",
  "dataset": "sst2",
  "timestamp": "2026-01-30 00:56:44",
  "overall_accuracy": 0.7614678899082569,
  "metrics": {
    "accuracy": 0.7614678899082569,
    "f1_macro": 0.7461810161939467,
    "precision_macro": 0.8310307463090885,
    "recall_macro": 0.757219836659089,
    "confusion_matrix": [
      [
        225,
        203
      ],
      [
        5,
        439
      ]
    ]
  },
  "per_class_stats": {
    "0": {
      "accuracy": 0.5257009345794392,
      "precision": 0.9782608695652174,
      "recall": 0.5257009345794392,
      "f1": 0.6838905775075987,
      "mean_confidence": 0.6410281297953232
    },
    "1": {
      "accuracy": 0.9887387387387387,
      "precision": 0.6838006230529595,
      "recall": 0.9887387387387387,
      "f1": 0.8084714548802947,
      "mean_confidence": 0.7698118109198003
    }
  }
}