{
  "model": "trial_74",
  "dataset": "ag-news",
  "timestamp": "2026-01-30 06:21:18",
  "overall_accuracy": 0.921578947368421,
  "metrics": {
    "accuracy": 0.921578947368421,
    "f1_macro": 0.9213922667149764,
    "precision_macro": 0.9235229361586724,
    "recall_macro": 0.921578947368421,
    "confusion_matrix": [
      [
        1844,
        9,
        30,
        17
      ],
      [
        40,
        1845,
        11,
        4
      ],
      [
        109,
        9,
        1694,
        88
      ],
      [
        120,
        6,
        153,
        1621
      ]
    ]
  },
  "per_class_stats": {
    "0": {
      "accuracy": 0.9705263157894737,
      "precision": 0.8726928537624231,
      "recall": 0.9705263157894737,
      "f1": 0.9190132070769997,
      "mean_confidence": 0.9643062299114802
    },
    "1": {
      "accuracy": 0.9710526315789474,
      "precision": 0.9871589085072231,
      "recall": 0.9710526315789474,
      "f1": 0.9790395330326347,
      "mean_confidence": 0.9847177329581328
    },
    "2": {
      "accuracy": 0.891578947368421,
      "precision": 0.8972457627118644,
      "recall": 0.891578947368421,
      "f1": 0.8944033790918691,
      "mean_confidence": 0.9440316875638851
    },
    "3": {
      "accuracy": 0.8531578947368421,
      "precision": 0.9369942196531792,
      "recall": 0.8531578947368421,
      "f1": 0.8931129476584022,
      "mean_confidence": 0.9301498869250965
    }
  }
}