{
  "model": "trial_74",
  "dataset": "mnli",
  "timestamp": "2026-01-30 06:21:18",
  "overall_accuracy": 0.6789607743250128,
  "metrics": {
    "accuracy": 0.6789607743250128,
    "f1_macro": 0.6766767458743151,
    "precision_macro": 0.7003129885798854,
    "recall_macro": 0.6820359980480221,
    "confusion_matrix": [
      [
        1946,
        805,
        728
      ],
      [
        239,
        2045,
        839
      ],
      [
        115,
        425,
        2673
      ]
    ]
  },
  "per_class_stats": {
    "0": {
      "accuracy": 0.5593561368209256,
      "precision": 0.8460869565217392,
      "recall": 0.5593561368209256,
      "f1": 0.6734729191901713,
      "mean_confidence": 0.6701438774103704
    },
    "1": {
      "accuracy": 0.6548190842138969,
      "precision": 0.6244274809160305,
      "recall": 0.6548190842138969,
      "f1": 0.6392622694592061,
      "mean_confidence": 0.67963009087184
    },
    "2": {
      "accuracy": 0.8319327731092437,
      "precision": 0.6304245283018868,
      "recall": 0.8319327731092437,
      "f1": 0.7172950489735677,
      "mean_confidence": 0.8126254214641621
    }
  }
}