{
  "model": "trial_37",
  "dataset": "mnli",
  "timestamp": "2026-01-30 04:27:40",
  "overall_accuracy": 0.6377992868059094,
  "metrics": {
    "accuracy": 0.6377992868059094,
    "f1_macro": 0.6339628149125262,
    "precision_macro": 0.6609614156351517,
    "recall_macro": 0.6413494506234707,
    "confusion_matrix": [
      [
        1742,
        928,
        809
      ],
      [
        287,
        1914,
        922
      ],
      [
        135,
        474,
        2604
      ]
    ]
  },
  "per_class_stats": {
    "0": {
      "accuracy": 0.5007185972980741,
      "precision": 0.8049907578558225,
      "recall": 0.5007185972980741,
      "f1": 0.6174020910863016,
      "mean_confidence": 0.6451599279249882
    },
    "1": {
      "accuracy": 0.6128722382324687,
      "precision": 0.5772014475271411,
      "recall": 0.6128722382324687,
      "f1": 0.5945022519024693,
      "mean_confidence": 0.654839435760808
    },
    "2": {
      "accuracy": 0.8104575163398693,
      "precision": 0.6006920415224913,
      "recall": 0.8104575163398693,
      "f1": 0.6899841017488076,
      "mean_confidence": 0.8028380510853786
    }
  }
}