{
  "model": "trial_37",
  "dataset": "ag-news",
  "timestamp": "2026-01-30 04:27:40",
  "overall_accuracy": 0.9223684210526316,
  "metrics": {
    "accuracy": 0.9223684210526316,
    "f1_macro": 0.9221684283002478,
    "precision_macro": 0.9244267593165625,
    "recall_macro": 0.9223684210526316,
    "confusion_matrix": [
      [
        1850,
        8,
        26,
        16
      ],
      [
        36,
        1850,
        11,
        3
      ],
      [
        118,
        10,
        1679,
        93
      ],
      [
        128,
        7,
        134,
        1631
      ]
    ]
  },
  "per_class_stats": {
    "0": {
      "accuracy": 0.9736842105263158,
      "precision": 0.8677298311444653,
      "recall": 0.9736842105263158,
      "f1": 0.9176587301587301,
      "mean_confidence": 0.9607231657232174
    },
    "1": {
      "accuracy": 0.9736842105263158,
      "precision": 0.9866666666666667,
      "recall": 0.9736842105263158,
      "f1": 0.9801324503311258,
      "mean_confidence": 0.9778222721417745
    },
    "2": {
      "accuracy": 0.8836842105263157,
      "precision": 0.9075675675675675,
      "recall": 0.8836842105263157,
      "f1": 0.8954666666666666,
      "mean_confidence": 0.9422264026628958
    },
    "3": {
      "accuracy": 0.858421052631579,
      "precision": 0.9357429718875502,
      "recall": 0.858421052631579,
      "f1": 0.8954158660444689,
      "mean_confidence": 0.932559539942788
    }
  }
}