{
  "model": "trial_64",
  "dataset": "mnli",
  "timestamp": "2026-01-30 05:49:16",
  "overall_accuracy": 0.736220071319409,
  "metrics": {
    "accuracy": 0.736220071319409,
    "f1_macro": 0.7364894395265135,
    "precision_macro": 0.7575958928030929,
    "recall_macro": 0.7401638849584021,
    "confusion_matrix": [
      [
        2130,
        974,
        375
      ],
      [
        161,
        2474,
        488
      ],
      [
        93,
        498,
        2622
      ]
    ]
  },
  "per_class_stats": {
    "0": {
      "accuracy": 0.6122448979591837,
      "precision": 0.8934563758389261,
      "recall": 0.6122448979591837,
      "f1": 0.7265904826880437,
      "mean_confidence": 0.7695193922884712
    },
    "1": {
      "accuracy": 0.7921869996797951,
      "precision": 0.6269640141915864,
      "recall": 0.7921869996797951,
      "f1": 0.6999575611826284,
      "mean_confidence": 0.7971934946626802
    },
    "2": {
      "accuracy": 0.8160597572362278,
      "precision": 0.7523672883787661,
      "recall": 0.8160597572362278,
      "f1": 0.7829202747088683,
      "mean_confidence": 0.8629010156716301
    }
  }
}