{
  "model": "trial_64",
  "dataset": "ag-news",
  "timestamp": "2026-01-30 05:49:16",
  "overall_accuracy": 0.9268421052631579,
  "metrics": {
    "accuracy": 0.9268421052631579,
    "f1_macro": 0.9267084589748678,
    "precision_macro": 0.9279480996613154,
    "recall_macro": 0.9268421052631579,
    "confusion_matrix": [
      [
        1842,
        9,
        31,
        18
      ],
      [
        38,
        1843,
        13,
        6
      ],
      [
        87,
        6,
        1708,
        99
      ],
      [
        97,
        5,
        147,
        1651
      ]
    ]
  },
  "per_class_stats": {
    "0": {
      "accuracy": 0.9694736842105263,
      "precision": 0.8924418604651163,
      "recall": 0.9694736842105263,
      "f1": 0.929364278506559,
      "mean_confidence": 0.9651050493265538
    },
    "1": {
      "accuracy": 0.97,
      "precision": 0.9892646269457863,
      "recall": 0.97,
      "f1": 0.9795376029763486,
      "mean_confidence": 0.9819809782748189
    },
    "2": {
      "accuracy": 0.8989473684210526,
      "precision": 0.89942074776198,
      "recall": 0.8989473684210526,
      "f1": 0.8991839957883654,
      "mean_confidence": 0.9393428232777803
    },
    "3": {
      "accuracy": 0.8689473684210526,
      "precision": 0.9306651634723788,
      "recall": 0.8689473684210526,
      "f1": 0.8987479586281981,
      "mean_confidence": 0.9221443732131562
    }
  }
}