{
  "model": "trial_64",
  "dataset": "sst2",
  "timestamp": "2026-01-30 05:49:16",
  "overall_accuracy": 0.7442660550458715,
  "metrics": {
    "accuracy": 0.7442660550458715,
    "f1_macro": 0.7270498004696648,
    "precision_macro": 0.8131719045165722,
    "recall_macro": 0.7399069630378041,
    "confusion_matrix": [
      [
        215,
        213
      ],
      [
        10,
        434
      ]
    ]
  },
  "per_class_stats": {
    "0": {
      "accuracy": 0.5023364485981309,
      "precision": 0.9555555555555556,
      "recall": 0.5023364485981309,
      "f1": 0.6584992343032159,
      "mean_confidence": 0.6938671925332811
    },
    "1": {
      "accuracy": 0.9774774774774775,
      "precision": 0.6707882534775889,
      "recall": 0.9774774774774775,
      "f1": 0.7956003666361137,
      "mean_confidence": 0.8785987534147142
    }
  }
}