{
  "model": "trial_36",
  "dataset": "mnli",
  "timestamp": "2026-01-30 04:24:37",
  "overall_accuracy": 0.6821192052980133,
  "metrics": {
    "accuracy": 0.6821192052980133,
    "f1_macro": 0.6803491080538747,
    "precision_macro": 0.708303179481102,
    "recall_macro": 0.6864873793967142,
    "confusion_matrix": [
      [
        1860,
        1062,
        557
      ],
      [
        187,
        2230,
        706
      ],
      [
        107,
        501,
        2605
      ]
    ]
  },
  "per_class_stats": {
    "0": {
      "accuracy": 0.5346363897671744,
      "precision": 0.8635097493036211,
      "recall": 0.5346363897671744,
      "f1": 0.6603941061601278,
      "mean_confidence": 0.7050153691816241
    },
    "1": {
      "accuracy": 0.7140569964777458,
      "precision": 0.5879251252306881,
      "recall": 0.7140569964777458,
      "f1": 0.6448814343551186,
      "mean_confidence": 0.7359510399312794
    },
    "2": {
      "accuracy": 0.8107687519452226,
      "precision": 0.6734746639089969,
      "recall": 0.8107687519452226,
      "f1": 0.7357717836463776,
      "mean_confidence": 0.8448635598234332
    }
  }
}