{
  "model": "trial_36",
  "dataset": "ag-news",
  "timestamp": "2026-01-30 04:24:37",
  "overall_accuracy": 0.9138157894736842,
  "metrics": {
    "accuracy": 0.9138157894736842,
    "f1_macro": 0.9138456777305063,
    "precision_macro": 0.9177699765239322,
    "recall_macro": 0.9138157894736842,
    "confusion_matrix": [
      [
        1854,
        8,
        23,
        15
      ],
      [
        65,
        1821,
        11,
        3
      ],
      [
        137,
        8,
        1664,
        91
      ],
      [
        148,
        5,
        141,
        1606
      ]
    ]
  },
  "per_class_stats": {
    "0": {
      "accuracy": 0.9757894736842105,
      "precision": 0.8411978221415608,
      "recall": 0.9757894736842105,
      "f1": 0.9035087719298246,
      "mean_confidence": 0.9485056989719777
    },
    "1": {
      "accuracy": 0.958421052631579,
      "precision": 0.988599348534202,
      "recall": 0.958421052631579,
      "f1": 0.9732763228220203,
      "mean_confidence": 0.9669805036596832
    },
    "2": {
      "accuracy": 0.8757894736842106,
      "precision": 0.9048395867319196,
      "recall": 0.8757894736842106,
      "f1": 0.8900775608451458,
      "mean_confidence": 0.9273356222438709
    },
    "3": {
      "accuracy": 0.8452631578947368,
      "precision": 0.9364431486880467,
      "recall": 0.8452631578947368,
      "f1": 0.8885200553250345,
      "mean_confidence": 0.916694905615409
    }
  }
}