{
  "model": "trial_36",
  "dataset": "sst2",
  "timestamp": "2026-01-30 04:24:37",
  "overall_accuracy": 0.8463302752293578,
  "metrics": {
    "accuracy": 0.8463302752293578,
    "f1_macro": 0.8432622401073105,
    "precision_macro": 0.8691699604743084,
    "recall_macro": 0.8440473183463837,
    "confusion_matrix": [
      [
        308,
        120
      ],
      [
        14,
        430
      ]
    ]
  },
  "per_class_stats": {
    "0": {
      "accuracy": 0.719626168224299,
      "precision": 0.9565217391304348,
      "recall": 0.719626168224299,
      "f1": 0.8213333333333334,
      "mean_confidence": 0.9056611440566756
    },
    "1": {
      "accuracy": 0.9684684684684685,
      "precision": 0.7818181818181819,
      "recall": 0.9684684684684685,
      "f1": 0.8651911468812877,
      "mean_confidence": 0.9604294248060746
    }
  }
}