{
  "model": "trial_69",
  "dataset": "ag-news",
  "timestamp": "2026-01-30 06:05:06",
  "overall_accuracy": 0.9325,
  "metrics": {
    "accuracy": 0.9325,
    "f1_macro": 0.9323561252627846,
    "precision_macro": 0.9331579344436894,
    "recall_macro": 0.9325000000000001,
    "confusion_matrix": [
      [
        1841,
        9,
        30,
        20
      ],
      [
        27,
        1856,
        13,
        4
      ],
      [
        83,
        6,
        1715,
        96
      ],
      [
        85,
        6,
        134,
        1675
      ]
    ]
  },
  "per_class_stats": {
    "0": {
      "accuracy": 0.9689473684210527,
      "precision": 0.9042239685658153,
      "recall": 0.9689473684210527,
      "f1": 0.9354674796747967,
      "mean_confidence": 0.9693395967187254
    },
    "1": {
      "accuracy": 0.9768421052631578,
      "precision": 0.9888119339371337,
      "recall": 0.9768421052631578,
      "f1": 0.9827905745300503,
      "mean_confidence": 0.9859752167109549
    },
    "2": {
      "accuracy": 0.9026315789473685,
      "precision": 0.9064482029598309,
      "recall": 0.9026315789473685,
      "f1": 0.9045358649789029,
      "mean_confidence": 0.9469043676904846
    },
    "3": {
      "accuracy": 0.881578947368421,
      "precision": 0.9331476323119777,
      "recall": 0.881578947368421,
      "f1": 0.9066305818673883,
      "mean_confidence": 0.9305367003908397
    }
  }
}