{
  "model": "trial_69",
  "dataset": "sst2",
  "timestamp": "2026-01-30 06:05:06",
  "overall_accuracy": 0.7637614678899083,
  "metrics": {
    "accuracy": 0.7637614678899083,
    "f1_macro": 0.7506441009239517,
    "precision_macro": 0.8222042393233789,
    "recall_macro": 0.7598088742948557,
    "confusion_matrix": [
      [
        233,
        195
      ],
      [
        11,
        433
      ]
    ]
  },
  "per_class_stats": {
    "0": {
      "accuracy": 0.544392523364486,
      "precision": 0.9549180327868853,
      "recall": 0.544392523364486,
      "f1": 0.6934523809523809,
      "mean_confidence": 0.7449996830498586
    },
    "1": {
      "accuracy": 0.9752252252252253,
      "precision": 0.6894904458598726,
      "recall": 0.9752252252252253,
      "f1": 0.8078358208955224,
      "mean_confidence": 0.892459229489041
    }
  }
}