{
  "model": "trial_69",
  "dataset": "mnli",
  "timestamp": "2026-01-30 06:05:06",
  "overall_accuracy": 0.7179826795720835,
  "metrics": {
    "accuracy": 0.7179826795720835,
    "f1_macro": 0.7182302525045797,
    "precision_macro": 0.7374155765197951,
    "recall_macro": 0.7215553642785167,
    "confusion_matrix": [
      [
        2099,
        972,
        408
      ],
      [
        191,
        2379,
        553
      ],
      [
        122,
        522,
        2569
      ]
    ]
  },
  "per_class_stats": {
    "0": {
      "accuracy": 0.603334291463064,
      "precision": 0.8702321724709784,
      "recall": 0.603334291463064,
      "f1": 0.7126124596842641,
      "mean_confidence": 0.734395233070969
    },
    "1": {
      "accuracy": 0.7617675312199808,
      "precision": 0.6142525174283501,
      "recall": 0.7617675312199808,
      "f1": 0.6801029159519726,
      "mean_confidence": 0.758299663443606
    },
    "2": {
      "accuracy": 0.7995642701525054,
      "precision": 0.7277620396600567,
      "recall": 0.7995642701525054,
      "f1": 0.7619753818775026,
      "mean_confidence": 0.8438187121753989
    }
  }
}