{
  "model": "trial_78",
  "dataset": "mnli",
  "timestamp": "2026-01-30 06:31:11",
  "overall_accuracy": 0.7147223637289862,
  "metrics": {
    "accuracy": 0.7147223637289862,
    "f1_macro": 0.7134850479435011,
    "precision_macro": 0.7341060816389602,
    "recall_macro": 0.7181285019137699,
    "confusion_matrix": [
      [
        2065,
        865,
        549
      ],
      [
        187,
        2253,
        683
      ],
      [
        98,
        418,
        2697
      ]
    ]
  },
  "per_class_stats": {
    "0": {
      "accuracy": 0.5935613682092555,
      "precision": 0.8787234042553191,
      "recall": 0.5935613682092555,
      "f1": 0.7085263338480013,
      "mean_confidence": 0.7195836560142801
    },
    "1": {
      "accuracy": 0.7214217098943324,
      "precision": 0.6371606334841629,
      "recall": 0.7214217098943324,
      "f1": 0.6766781799068929,
      "mean_confidence": 0.7412573085229726
    },
    "2": {
      "accuracy": 0.8394024276377218,
      "precision": 0.6864342071773988,
      "recall": 0.8394024276377218,
      "f1": 0.7552506300756091,
      "mean_confidence": 0.8461478848013146
    }
  }
}