{
  "model": "trial_78",
  "dataset": "sst2",
  "timestamp": "2026-01-30 06:31:11",
  "overall_accuracy": 0.8061926605504587,
  "metrics": {
    "accuracy": 0.8061926605504587,
    "f1_macro": 0.7995274131652299,
    "precision_macro": 0.8443139364595476,
    "recall_macro": 0.8031173697061547,
    "confusion_matrix": [
      [
        272,
        156
      ],
      [
        13,
        431
      ]
    ]
  },
  "per_class_stats": {
    "0": {
      "accuracy": 0.6355140186915887,
      "precision": 0.9543859649122807,
      "recall": 0.6355140186915887,
      "f1": 0.7629733520336606,
      "mean_confidence": 0.8628865781583284
    },
    "1": {
      "accuracy": 0.9707207207207207,
      "precision": 0.7342419080068143,
      "recall": 0.9707207207207207,
      "f1": 0.8360814742967992,
      "mean_confidence": 0.9358924410006053
    }
  }
}