{
  "model": "trial_51",
  "dataset": "ag-news",
  "timestamp": "2026-01-30 00:21:20",
  "overall_accuracy": 0.8393421052631579,
  "metrics": {
    "accuracy": 0.8393421052631579,
    "f1_macro": 0.8401780109281016,
    "precision_macro": 0.8516857501563548,
    "recall_macro": 0.839342105263158,
    "confusion_matrix": [
      [
        1700,
        17,
        90,
        93
      ],
      [
        206,
        1437,
        174,
        83
      ],
      [
        80,
        0,
        1675,
        145
      ],
      [
        50,
        1,
        282,
        1567
      ]
    ]
  },
  "per_class_stats": {
    "0": {
      "accuracy": 0.8947368421052632,
      "precision": 0.8349705304518664,
      "recall": 0.8947368421052632,
      "f1": 0.8638211382113821,
      "mean_confidence": 0.7790141720434537
    },
    "1": {
      "accuracy": 0.7563157894736842,
      "precision": 0.9876288659793815,
      "recall": 0.7563157894736842,
      "f1": 0.8566318926974664,
      "mean_confidence": 0.6691996874268522
    },
    "2": {
      "accuracy": 0.881578947368421,
      "precision": 0.7541647906348492,
      "recall": 0.881578947368421,
      "f1": 0.8129094879883524,
      "mean_confidence": 0.7436582948349983
    },
    "3": {
      "accuracy": 0.8247368421052632,
      "precision": 0.829978813559322,
      "recall": 0.8247368421052632,
      "f1": 0.827349524815206,
      "mean_confidence": 0.7191793016647383
    }
  }
}