{
  "model": "trial_51",
  "dataset": "mnli",
  "timestamp": "2026-01-30 00:21:20",
  "overall_accuracy": 0.6947529291900153,
  "metrics": {
    "accuracy": 0.6947529291900153,
    "f1_macro": 0.6869186521036214,
    "precision_macro": 0.7460107457460738,
    "recall_macro": 0.6943412723831804,
    "confusion_matrix": [
      [
        2656,
        803,
        20
      ],
      [
        338,
        2666,
        119
      ],
      [
        569,
        1147,
        1497
      ]
    ]
  },
  "per_class_stats": {
    "0": {
      "accuracy": 0.7634377694739868,
      "precision": 0.7454392365983722,
      "recall": 0.7634377694739868,
      "f1": 0.7543311559216132,
      "mean_confidence": 0.7663830195857071
    },
    "1": {
      "accuracy": 0.8536663464617356,
      "precision": 0.5775563258232236,
      "recall": 0.8536663464617356,
      "f1": 0.6889779041219796,
      "mean_confidence": 0.7569895041347893
    },
    "2": {
      "accuracy": 0.46591970121381887,
      "precision": 0.9150366748166259,
      "recall": 0.46591970121381887,
      "f1": 0.6174468962672716,
      "mean_confidence": 0.8223143584279384
    }
  }
}