{
  "model": "trial_51",
  "dataset": "sst2",
  "timestamp": "2026-01-30 00:21:20",
  "overall_accuracy": 0.7580275229357798,
  "metrics": {
    "accuracy": 0.7580275229357798,
    "f1_macro": 0.7420534281047813,
    "precision_macro": 0.8292968616603491,
    "recall_macro": 0.7537151637618927,
    "confusion_matrix": [
      [
        222,
        206
      ],
      [
        5,
        439
      ]
    ]
  },
  "per_class_stats": {
    "0": {
      "accuracy": 0.5186915887850467,
      "precision": 0.9779735682819384,
      "recall": 0.5186915887850467,
      "f1": 0.6778625954198473,
      "mean_confidence": 0.6326826986762395
    },
    "1": {
      "accuracy": 0.9887387387387387,
      "precision": 0.6806201550387597,
      "recall": 0.9887387387387387,
      "f1": 0.8062442607897153,
      "mean_confidence": 0.7678382075110147
    }
  }
}