{
  "model": "trial_39",
  "dataset": "ag-news",
  "timestamp": "2026-01-29 23:45:58",
  "overall_accuracy": 0.8328947368421052,
  "metrics": {
    "accuracy": 0.8328947368421052,
    "f1_macro": 0.8337000324826673,
    "precision_macro": 0.8459783091480578,
    "recall_macro": 0.8328947368421054,
    "confusion_matrix": [
      [
        1684,
        17,
        92,
        107
      ],
      [
        209,
        1414,
        174,
        103
      ],
      [
        80,
        0,
        1669,
        151
      ],
      [
        47,
        1,
        289,
        1563
      ]
    ]
  },
  "per_class_stats": {
    "0": {
      "accuracy": 0.8863157894736842,
      "precision": 0.8336633663366336,
      "recall": 0.8863157894736842,
      "f1": 0.8591836734693877,
      "mean_confidence": 0.7696608501200629
    },
    "1": {
      "accuracy": 0.7442105263157894,
      "precision": 0.9874301675977654,
      "recall": 0.7442105263157894,
      "f1": 0.8487394957983193,
      "mean_confidence": 0.6631735188668001
    },
    "2": {
      "accuracy": 0.878421052631579,
      "precision": 0.7504496402877698,
      "recall": 0.878421052631579,
      "f1": 0.8094083414161009,
      "mean_confidence": 0.7401666059259245
    },
    "3": {
      "accuracy": 0.8226315789473684,
      "precision": 0.8123700623700624,
      "recall": 0.8226315789473684,
      "f1": 0.8174686192468619,
      "mean_confidence": 0.7090788066944809
    }
  }
}