{
  "model": "trial_39",
  "dataset": "sst2",
  "timestamp": "2026-01-29 23:45:58",
  "overall_accuracy": 0.7878440366972477,
  "metrics": {
    "accuracy": 0.7878440366972477,
    "f1_macro": 0.7780697349685993,
    "precision_macro": 0.8387324341102771,
    "recall_macro": 0.7842573882293509,
    "confusion_matrix": [
      [
        252,
        176
      ],
      [
        9,
        435
      ]
    ]
  },
  "per_class_stats": {
    "0": {
      "accuracy": 0.5887850467289719,
      "precision": 0.9655172413793104,
      "recall": 0.5887850467289719,
      "f1": 0.7314949201741655,
      "mean_confidence": 0.6611760167326507
    },
    "1": {
      "accuracy": 0.9797297297297297,
      "precision": 0.7119476268412439,
      "recall": 0.9797297297297297,
      "f1": 0.8246445497630331,
      "mean_confidence": 0.7929318048755003
    }
  }
}