{
  "model": "trial_39",
  "dataset": "mnli",
  "timestamp": "2026-01-29 23:45:58",
  "overall_accuracy": 0.6815078960774325,
  "metrics": {
    "accuracy": 0.6815078960774325,
    "f1_macro": 0.6718921826537718,
    "precision_macro": 0.7383636085536872,
    "recall_macro": 0.6812650408818591,
    "confusion_matrix": [
      [
        2608,
        852,
        19
      ],
      [
        330,
        2676,
        117
      ],
      [
        587,
        1221,
        1405
      ]
    ]
  },
  "per_class_stats": {
    "0": {
      "accuracy": 0.749640701350963,
      "precision": 0.7398581560283688,
      "recall": 0.749640701350963,
      "f1": 0.7447173043974872,
      "mean_confidence": 0.7464496341918377
    },
    "1": {
      "accuracy": 0.8568683957732949,
      "precision": 0.5634870499052432,
      "recall": 0.8568683957732949,
      "f1": 0.6798780487804879,
      "mean_confidence": 0.7459243726205715
    },
    "2": {
      "accuracy": 0.4372860255213196,
      "precision": 0.9117456197274497,
      "recall": 0.4372860255213196,
      "f1": 0.5910811947833403,
      "mean_confidence": 0.815379341301556
    }
  }
}