{
  "model": "trial_56",
  "dataset": "sst2",
  "timestamp": "2026-01-30 00:36:00",
  "overall_accuracy": 0.7477064220183486,
  "metrics": {
    "accuracy": 0.7477064220183486,
    "f1_macro": 0.7295392128666249,
    "precision_macro": 0.8241590214067278,
    "recall_macro": 0.743201145070304,
    "confusion_matrix": [
      [
        213,
        215
      ],
      [
        5,
        439
      ]
    ]
  },
  "per_class_stats": {
    "0": {
      "accuracy": 0.4976635514018692,
      "precision": 0.9770642201834863,
      "recall": 0.4976635514018692,
      "f1": 0.6594427244582043,
      "mean_confidence": 0.6259815774926352
    },
    "1": {
      "accuracy": 0.9887387387387387,
      "precision": 0.6712538226299695,
      "recall": 0.9887387387387387,
      "f1": 0.7996357012750456,
      "mean_confidence": 0.7594483774554109
    }
  }
}