{
  "model": "trial_56",
  "dataset": "ag-news",
  "timestamp": "2026-01-30 00:36:00",
  "overall_accuracy": 0.8623684210526316,
  "metrics": {
    "accuracy": 0.8623684210526316,
    "f1_macro": 0.8633606306342199,
    "precision_macro": 0.8709607155361032,
    "recall_macro": 0.8623684210526317,
    "confusion_matrix": [
      [
        1738,
        18,
        77,
        67
      ],
      [
        171,
        1573,
        115,
        41
      ],
      [
        83,
        2,
        1697,
        118
      ],
      [
        58,
        2,
        294,
        1546
      ]
    ]
  },
  "per_class_stats": {
    "0": {
      "accuracy": 0.9147368421052632,
      "precision": 0.8478048780487805,
      "recall": 0.9147368421052632,
      "f1": 0.88,
      "mean_confidence": 0.8314158120678692
    },
    "1": {
      "accuracy": 0.8278947368421052,
      "precision": 0.9862068965517241,
      "recall": 0.8278947368421052,
      "f1": 0.9001430615164521,
      "mean_confidence": 0.748667775314056
    },
    "2": {
      "accuracy": 0.8931578947368422,
      "precision": 0.777370590929913,
      "recall": 0.8931578947368422,
      "f1": 0.831251530737203,
      "mean_confidence": 0.7957923908436785
    },
    "3": {
      "accuracy": 0.8136842105263158,
      "precision": 0.8724604966139955,
      "recall": 0.8136842105263158,
      "f1": 0.8420479302832244,
      "mean_confidence": 0.7590215958772609
    }
  }
}