{
  "model": "trial_7",
  "dataset": "sst2",
  "timestamp": "2026-02-02 23:17:47",
  "overall_accuracy": 0.6284403669724771,
  "metrics": {
    "accuracy": 0.6284403669724771,
    "f1_macro": 0.5636552337649501,
    "precision_macro": 0.780007756447547,
    "recall_macro": 0.6215795234486824,
    "confusion_matrix": [
      [
        106,
        322
      ],
      [
        2,
        442
      ]
    ]
  },
  "per_class_stats": {
    "0": {
      "accuracy": 0.24766355140186916,
      "precision": 0.9814814814814815,
      "recall": 0.24766355140186916,
      "f1": 0.39552238805970147,
      "mean_confidence": 0.5547940642745407
    },
    "1": {
      "accuracy": 0.9954954954954955,
      "precision": 0.5785340314136126,
      "recall": 0.9954954954954955,
      "f1": 0.7317880794701986,
      "mean_confidence": 0.6947374616929998
    }
  }
}