{
  "model": "trial_33",
  "dataset": "ag-news",
  "timestamp": "2026-01-30 04:15:27",
  "overall_accuracy": 0.9348684210526316,
  "metrics": {
    "accuracy": 0.9348684210526316,
    "f1_macro": 0.9346939107754276,
    "precision_macro": 0.9354425229468765,
    "recall_macro": 0.9348684210526316,
    "confusion_matrix": [
      [
        1845,
        7,
        29,
        19
      ],
      [
        22,
        1861,
        13,
        4
      ],
      [
        79,
        8,
        1721,
        92
      ],
      [
        86,
        7,
        129,
        1678
      ]
    ]
  },
  "per_class_stats": {
    "0": {
      "accuracy": 0.9710526315789474,
      "precision": 0.9079724409448819,
      "recall": 0.9710526315789474,
      "f1": 0.9384537131230926,
      "mean_confidence": 0.9730225630456538
    },
    "1": {
      "accuracy": 0.9794736842105263,
      "precision": 0.9883165161975571,
      "recall": 0.9794736842105263,
      "f1": 0.9838752312979117,
      "mean_confidence": 0.9905453175385456
    },
    "2": {
      "accuracy": 0.9057894736842105,
      "precision": 0.9096194503171248,
      "recall": 0.9057894736842105,
      "f1": 0.9077004219409283,
      "mean_confidence": 0.9517913621714453
    },
    "3": {
      "accuracy": 0.8831578947368421,
      "precision": 0.935861684327942,
      "recall": 0.8831578947368421,
      "f1": 0.9087462767397779,
      "mean_confidence": 0.9468375278529813
    }
  }
}