{
  "model": "trial_33",
  "dataset": "mnli",
  "timestamp": "2026-01-30 04:15:27",
  "overall_accuracy": 0.6338257768721345,
  "metrics": {
    "accuracy": 0.6338257768721345,
    "f1_macro": 0.6323755607169398,
    "precision_macro": 0.656483476029571,
    "recall_macro": 0.6380233160132764,
    "confusion_matrix": [
      [
        1727,
        1109,
        643
      ],
      [
        280,
        2115,
        728
      ],
      [
        180,
        654,
        2379
      ]
    ]
  },
  "per_class_stats": {
    "0": {
      "accuracy": 0.4964070135096292,
      "precision": 0.7896662094192959,
      "recall": 0.4964070135096292,
      "f1": 0.6096011295446523,
      "mean_confidence": 0.6642060498968891
    },
    "1": {
      "accuracy": 0.6772334293948127,
      "precision": 0.5453842186694172,
      "recall": 0.6772334293948127,
      "f1": 0.604199400085702,
      "mean_confidence": 0.685691055215899
    },
    "2": {
      "accuracy": 0.7404295051353875,
      "precision": 0.6344,
      "recall": 0.7404295051353875,
      "f1": 0.6833261525204654,
      "mean_confidence": 0.786996984386444
    }
  }
}