{
  "model": "trial_33",
  "dataset": "sst2",
  "timestamp": "2026-01-30 04:15:27",
  "overall_accuracy": 0.786697247706422,
  "metrics": {
    "accuracy": 0.786697247706422,
    "f1_macro": 0.7774228077398107,
    "precision_macro": 0.8338792525869128,
    "recall_macro": 0.7832154584491033,
    "confusion_matrix": [
      [
        254,
        174
      ],
      [
        12,
        432
      ]
    ]
  },
  "per_class_stats": {
    "0": {
      "accuracy": 0.5934579439252337,
      "precision": 0.9548872180451128,
      "recall": 0.5934579439252337,
      "f1": 0.7319884726224783,
      "mean_confidence": 0.8023264802488169
    },
    "1": {
      "accuracy": 0.972972972972973,
      "precision": 0.7128712871287128,
      "recall": 0.972972972972973,
      "f1": 0.8228571428571428,
      "mean_confidence": 0.9174148277087574
    }
  }
}