{
  "model": "trial_6",
  "dataset": "sst2",
  "timestamp": "2026-02-02 21:47:37",
  "overall_accuracy": 0.7270642201834863,
  "metrics": {
    "accuracy": 0.7270642201834863,
    "f1_macro": 0.7070355731225297,
    "precision_macro": 0.7984135049683829,
    "recall_macro": 0.7225098930706407,
    "confusion_matrix": [
      [
        203,
        225
      ],
      [
        13,
        431
      ]
    ]
  },
  "per_class_stats": {
    "0": {
      "accuracy": 0.4742990654205608,
      "precision": 0.9398148148148148,
      "recall": 0.4742990654205608,
      "f1": 0.6304347826086957,
      "mean_confidence": 0.5954590403923282
    },
    "1": {
      "accuracy": 0.9707207207207207,
      "precision": 0.6570121951219512,
      "recall": 0.9707207207207207,
      "f1": 0.7836363636363637,
      "mean_confidence": 0.6881501153111458
    }
  }
}