{
  "model": "trial_6",
  "dataset": "mnli",
  "timestamp": "2026-02-02 21:47:37",
  "overall_accuracy": 0.3239938869077942,
  "metrics": {
    "accuracy": 0.3239938869077942,
    "f1_macro": 0.18303585248281307,
    "precision_macro": 0.4122844623711102,
    "recall_macro": 0.3390386841794275,
    "confusion_matrix": [
      [
        4,
        3467,
        8
      ],
      [
        2,
        3064,
        57
      ],
      [
        8,
        3093,
        112
      ]
    ]
  },
  "per_class_stats": {
    "0": {
      "accuracy": 0.0011497556769186547,
      "precision": 0.2857142857142857,
      "recall": 0.0011497556769186547,
      "f1": 0.002290294875465216,
      "mean_confidence": 0.5034588639225278
    },
    "1": {
      "accuracy": 0.9811079090617996,
      "precision": 0.3183707398171239,
      "recall": 0.9811079090617996,
      "f1": 0.48074056640778223,
      "mean_confidence": 0.7012027285571952
    },
    "2": {
      "accuracy": 0.034858387799564274,
      "precision": 0.632768361581921,
      "recall": 0.034858387799564274,
      "f1": 0.06607669616519174,
      "mean_confidence": 0.7895090824129891
    }
  }
}