{
  "model": "trial_6",
  "dataset": "ag-news",
  "timestamp": "2026-02-02 21:47:37",
  "overall_accuracy": 0.7617105263157895,
  "metrics": {
    "accuracy": 0.7617105263157895,
    "f1_macro": 0.7638053996570775,
    "precision_macro": 0.7950332781829833,
    "recall_macro": 0.7617105263157895,
    "confusion_matrix": [
      [
        1459,
        25,
        89,
        327
      ],
      [
        221,
        1180,
        114,
        385
      ],
      [
        70,
        6,
        1539,
        285
      ],
      [
        29,
        2,
        258,
        1611
      ]
    ]
  },
  "per_class_stats": {
    "0": {
      "accuracy": 0.7678947368421053,
      "precision": 0.8201236649803261,
      "recall": 0.7678947368421053,
      "f1": 0.7931503125849415,
      "mean_confidence": 0.7082732519184088
    },
    "1": {
      "accuracy": 0.6210526315789474,
      "precision": 0.9727947238252267,
      "recall": 0.6210526315789474,
      "f1": 0.7581111468037263,
      "mean_confidence": 0.6451717367471002
    },
    "2": {
      "accuracy": 0.81,
      "precision": 0.7695,
      "recall": 0.81,
      "f1": 0.7892307692307692,
      "mean_confidence": 0.7082191225141287
    },
    "3": {
      "accuracy": 0.8478947368421053,
      "precision": 0.6177147239263804,
      "recall": 0.8478947368421053,
      "f1": 0.7147293700088732,
      "mean_confidence": 0.6772514257717169
    }
  }
}