{
  "model": "trial_72",
  "dataset": "ag-news",
  "timestamp": "2026-01-30 01:23:57",
  "overall_accuracy": 0.8563157894736843,
  "metrics": {
    "accuracy": 0.8563157894736843,
    "f1_macro": 0.8572548537749238,
    "precision_macro": 0.8658753148063567,
    "recall_macro": 0.8563157894736843,
    "confusion_matrix": [
      [
        1732,
        18,
        77,
        73
      ],
      [
        186,
        1530,
        132,
        52
      ],
      [
        81,
        1,
        1693,
        125
      ],
      [
        58,
        1,
        288,
        1553
      ]
    ]
  },
  "per_class_stats": {
    "0": {
      "accuracy": 0.911578947368421,
      "precision": 0.842002916869227,
      "recall": 0.911578947368421,
      "f1": 0.875410664644933,
      "mean_confidence": 0.8168595420485512
    },
    "1": {
      "accuracy": 0.8052631578947368,
      "precision": 0.9870967741935484,
      "recall": 0.8052631578947368,
      "f1": 0.8869565217391304,
      "mean_confidence": 0.7288331403463117
    },
    "2": {
      "accuracy": 0.8910526315789473,
      "precision": 0.7730593607305936,
      "recall": 0.8910526315789473,
      "f1": 0.8278728606356969,
      "mean_confidence": 0.7823263689263226
    },
    "3": {
      "accuracy": 0.8173684210526316,
      "precision": 0.8613422074320577,
      "recall": 0.8173684210526316,
      "f1": 0.8387793680799351,
      "mean_confidence": 0.7489585679105039
    }
  }
}