{
  "model": "trial_72",
  "dataset": "mnli",
  "timestamp": "2026-01-30 01:23:57",
  "overall_accuracy": 0.676923076923077,
  "metrics": {
    "accuracy": 0.676923076923077,
    "f1_macro": 0.6661752478780802,
    "precision_macro": 0.7361903943728594,
    "recall_macro": 0.6766372050421946,
    "confusion_matrix": [
      [
        2604,
        857,
        18
      ],
      [
        329,
        2679,
        115
      ],
      [
        589,
        1263,
        1361
      ]
    ]
  },
  "per_class_stats": {
    "0": {
      "accuracy": 0.7484909456740443,
      "precision": 0.7393526405451448,
      "recall": 0.7484909456740443,
      "f1": 0.743893729467219,
      "mean_confidence": 0.7437333913434303
    },
    "1": {
      "accuracy": 0.8578290105667628,
      "precision": 0.5582413002708898,
      "recall": 0.8578290105667628,
      "f1": 0.6763443574854835,
      "mean_confidence": 0.7430824978223913
    },
    "2": {
      "accuracy": 0.42359165888577655,
      "precision": 0.9109772423025435,
      "recall": 0.42359165888577655,
      "f1": 0.5782876566815381,
      "mean_confidence": 0.8104281553342799
    }
  }
}