{
  "model": "trial_72",
  "dataset": "sst2",
  "timestamp": "2026-01-30 01:23:57",
  "overall_accuracy": 0.7534403669724771,
  "metrics": {
    "accuracy": 0.7534403669724771,
    "f1_macro": 0.736516275193488,
    "precision_macro": 0.8270018724909658,
    "recall_macro": 0.7490422665656311,
    "confusion_matrix": [
      [
        218,
        210
      ],
      [
        5,
        439
      ]
    ]
  },
  "per_class_stats": {
    "0": {
      "accuracy": 0.5093457943925234,
      "precision": 0.9775784753363229,
      "recall": 0.5093457943925234,
      "f1": 0.6697388632872504,
      "mean_confidence": 0.6385443713098363
    },
    "1": {
      "accuracy": 0.9887387387387387,
      "precision": 0.6764252696456087,
      "recall": 0.9887387387387387,
      "f1": 0.8032936870997255,
      "mean_confidence": 0.7643336006232145
    }
  }
}