{
  "model": "trial_79",
  "dataset": "mnli",
  "timestamp": "2026-01-30 06:34:28",
  "overall_accuracy": 0.699235863474274,
  "metrics": {
    "accuracy": 0.699235863474274,
    "f1_macro": 0.6983544809485446,
    "precision_macro": 0.7197994249080955,
    "recall_macro": 0.7028341278679154,
    "confusion_matrix": [
      [
        2004,
        935,
        540
      ],
      [
        199,
        2250,
        674
      ],
      [
        115,
        489,
        2609
      ]
    ]
  },
  "per_class_stats": {
    "0": {
      "accuracy": 0.576027594136246,
      "precision": 0.8645383951682485,
      "recall": 0.576027594136246,
      "f1": 0.6913920993617388,
      "mean_confidence": 0.7090677096861205
    },
    "1": {
      "accuracy": 0.7204610951008645,
      "precision": 0.6124115405552532,
      "recall": 0.7204610951008645,
      "f1": 0.6620567897601883,
      "mean_confidence": 0.7293684954593281
    },
    "2": {
      "accuracy": 0.8120136943666355,
      "precision": 0.6824483390007847,
      "recall": 0.8120136943666355,
      "f1": 0.7416145537237067,
      "mean_confidence": 0.8320542970175772
    }
  }
}