{
  "model": "trial_79",
  "dataset": "sst2",
  "timestamp": "2026-01-30 06:34:28",
  "overall_accuracy": 0.8096330275229358,
  "metrics": {
    "accuracy": 0.8096330275229358,
    "f1_macro": 0.8036675347222222,
    "precision_macro": 0.8441426547000472,
    "recall_macro": 0.8067062389492297,
    "confusion_matrix": [
      [
        277,
        151
      ],
      [
        15,
        429
      ]
    ]
  },
  "per_class_stats": {
    "0": {
      "accuracy": 0.647196261682243,
      "precision": 0.9486301369863014,
      "recall": 0.647196261682243,
      "f1": 0.7694444444444445,
      "mean_confidence": 0.8374766095043862
    },
    "1": {
      "accuracy": 0.9662162162162162,
      "precision": 0.7396551724137931,
      "recall": 0.9662162162162162,
      "f1": 0.837890625,
      "mean_confidence": 0.9343073630127413
    }
  }
}