{
  "model": "trial_21",
  "dataset": "sst2",
  "timestamp": "2026-01-30 03:38:25",
  "overall_accuracy": 0.7419724770642202,
  "metrics": {
    "accuracy": 0.7419724770642202,
    "f1_macro": 0.7228590437365721,
    "precision_macro": 0.8193798449612403,
    "recall_macro": 0.7374021217479162,
    "confusion_matrix": [
      [
        209,
        219
      ],
      [
        6,
        438
      ]
    ]
  },
  "per_class_stats": {
    "0": {
      "accuracy": 0.4883177570093458,
      "precision": 0.9720930232558139,
      "recall": 0.4883177570093458,
      "f1": 0.6500777604976672,
      "mean_confidence": 0.7268449758374413
    },
    "1": {
      "accuracy": 0.9864864864864865,
      "precision": 0.6666666666666666,
      "recall": 0.9864864864864865,
      "f1": 0.7956403269754768,
      "mean_confidence": 0.8649302076894217
    }
  }
}