{
  "model": "trial_21",
  "dataset": "ag-news",
  "timestamp": "2026-01-30 03:38:25",
  "overall_accuracy": 0.9428947368421052,
  "metrics": {
    "accuracy": 0.9428947368421052,
    "f1_macro": 0.9427731098343863,
    "precision_macro": 0.942864358608962,
    "recall_macro": 0.9428947368421052,
    "confusion_matrix": [
      [
        1844,
        7,
        28,
        21
      ],
      [
        13,
        1870,
        12,
        5
      ],
      [
        48,
        8,
        1738,
        106
      ],
      [
        55,
        7,
        124,
        1714
      ]
    ]
  },
  "per_class_stats": {
    "0": {
      "accuracy": 0.9705263157894737,
      "precision": 0.9408163265306122,
      "recall": 0.9705263157894737,
      "f1": 0.9554404145077721,
      "mean_confidence": 0.9795666280905811
    },
    "1": {
      "accuracy": 0.9842105263157894,
      "precision": 0.9883720930232558,
      "recall": 0.9842105263157894,
      "f1": 0.9862869198312236,
      "mean_confidence": 0.9935174266833332
    },
    "2": {
      "accuracy": 0.9147368421052632,
      "precision": 0.9137749737118822,
      "recall": 0.9147368421052632,
      "f1": 0.914255654918464,
      "mean_confidence": 0.9573727476828733
    },
    "3": {
      "accuracy": 0.9021052631578947,
      "precision": 0.9284940411700975,
      "recall": 0.9021052631578947,
      "f1": 0.9151094500800854,
      "mean_confidence": 0.9530320251491707
    }
  }
}