{
  "model": "trial_18",
  "dataset": "mnli",
  "timestamp": "2026-01-29 22:43:43",
  "overall_accuracy": 0.6690779419256241,
  "metrics": {
    "accuracy": 0.6690779419256241,
    "f1_macro": 0.6582810659689314,
    "precision_macro": 0.7344318524885702,
    "recall_macro": 0.6693552789238617,
    "confusion_matrix": [
      [
        2527,
        934,
        18
      ],
      [
        305,
        2711,
        107
      ],
      [
        572,
        1312,
        1329
      ]
    ]
  },
  "per_class_stats": {
    "0": {
      "accuracy": 0.7263581488933601,
      "precision": 0.7423619271445359,
      "recall": 0.7263581488933601,
      "f1": 0.7342728461426703,
      "mean_confidence": 0.7402315891657537
    },
    "1": {
      "accuracy": 0.8680755683637528,
      "precision": 0.5469033689731693,
      "recall": 0.8680755683637528,
      "f1": 0.6710396039603961,
      "mean_confidence": 0.7480969702088835
    },
    "2": {
      "accuracy": 0.41363211951447243,
      "precision": 0.9140302613480055,
      "recall": 0.41363211951447243,
      "f1": 0.5695307478037283,
      "mean_confidence": 0.8105331780043068
    }
  }
}