{
  "model": "trial_18",
  "dataset": "sst2",
  "timestamp": "2026-01-29 22:43:43",
  "overall_accuracy": 0.7373853211009175,
  "metrics": {
    "accuracy": 0.7373853211009175,
    "f1_macro": 0.7175650579966988,
    "precision_macro": 0.8151310493207093,
    "recall_macro": 0.7327713227245938,
    "confusion_matrix": [
      [
        206,
        222
      ],
      [
        7,
        437
      ]
    ]
  },
  "per_class_stats": {
    "0": {
      "accuracy": 0.48130841121495327,
      "precision": 0.9671361502347418,
      "recall": 0.48130841121495327,
      "f1": 0.6427457098283932,
      "mean_confidence": 0.6180920038424748
    },
    "1": {
      "accuracy": 0.9842342342342343,
      "precision": 0.6631259484066768,
      "recall": 0.9842342342342343,
      "f1": 0.7923844061650045,
      "mean_confidence": 0.7539032552962238
    }
  }
}