{
  "model": "trial_18",
  "dataset": "ag-news",
  "timestamp": "2026-01-29 22:43:43",
  "overall_accuracy": 0.8713157894736843,
  "metrics": {
    "accuracy": 0.8713157894736843,
    "f1_macro": 0.8722782885761649,
    "precision_macro": 0.8787422480288014,
    "recall_macro": 0.8713157894736843,
    "confusion_matrix": [
      [
        1734,
        15,
        77,
        74
      ],
      [
        144,
        1589,
        122,
        45
      ],
      [
        66,
        2,
        1714,
        118
      ],
      [
        56,
        2,
        257,
        1585
      ]
    ]
  },
  "per_class_stats": {
    "0": {
      "accuracy": 0.9126315789473685,
      "precision": 0.867,
      "recall": 0.9126315789473685,
      "f1": 0.8892307692307693,
      "mean_confidence": 0.8335167488008738
    },
    "1": {
      "accuracy": 0.8363157894736842,
      "precision": 0.9881840796019901,
      "recall": 0.8363157894736842,
      "f1": 0.9059293044469784,
      "mean_confidence": 0.7460032185141127
    },
    "2": {
      "accuracy": 0.9021052631578947,
      "precision": 0.7898617511520737,
      "recall": 0.9021052631578947,
      "f1": 0.8422604422604423,
      "mean_confidence": 0.7931319569113068
    },
    "3": {
      "accuracy": 0.8342105263157895,
      "precision": 0.8699231613611416,
      "recall": 0.8342105263157895,
      "f1": 0.8516926383664697,
      "mean_confidence": 0.765439771663737
    }
  }
}