{
  "model": "trial_80",
  "dataset": "mnli",
  "timestamp": "2026-01-30 06:37:37",
  "overall_accuracy": 0.7094243504839531,
  "metrics": {
    "accuracy": 0.7094243504839531,
    "f1_macro": 0.7085010573189064,
    "precision_macro": 0.7284783115495465,
    "recall_macro": 0.7128310123596643,
    "confusion_matrix": [
      [
        2055,
        888,
        536
      ],
      [
        197,
        2259,
        667
      ],
      [
        108,
        456,
        2649
      ]
    ]
  },
  "per_class_stats": {
    "0": {
      "accuracy": 0.5906869790169589,
      "precision": 0.8707627118644068,
      "recall": 0.5906869790169589,
      "f1": 0.7038876519952046,
      "mean_confidence": 0.711216363929591
    },
    "1": {
      "accuracy": 0.723342939481268,
      "precision": 0.626977518734388,
      "recall": 0.723342939481268,
      "f1": 0.6717216770740411,
      "mean_confidence": 0.73526174839159
    },
    "2": {
      "accuracy": 0.8244631185807656,
      "precision": 0.6876947040498442,
      "recall": 0.8244631185807656,
      "f1": 0.7498938428874734,
      "mean_confidence": 0.8346190504567274
    }
  }
}