{
  "model": "trial_35",
  "dataset": "mnli",
  "timestamp": "2026-01-30 04:21:38",
  "overall_accuracy": 0.6421803362200713,
  "metrics": {
    "accuracy": 0.6421803362200713,
    "f1_macro": 0.6398613975472145,
    "precision_macro": 0.6638533755850685,
    "recall_macro": 0.6457423935961887,
    "confusion_matrix": [
      [
        1783,
        987,
        709
      ],
      [
        277,
        2000,
        846
      ],
      [
        151,
        542,
        2520
      ]
    ]
  },
  "per_class_stats": {
    "0": {
      "accuracy": 0.5125035929864904,
      "precision": 0.8064224332881049,
      "recall": 0.5125035929864904,
      "f1": 0.6267135325131811,
      "mean_confidence": 0.6516936120001345
    },
    "1": {
      "accuracy": 0.6404098623118796,
      "precision": 0.5667327854916407,
      "recall": 0.6404098623118796,
      "f1": 0.6013229104028863,
      "mean_confidence": 0.6604840497721961
    },
    "2": {
      "accuracy": 0.7843137254901961,
      "precision": 0.6184049079754601,
      "recall": 0.7843137254901961,
      "f1": 0.6915477497255763,
      "mean_confidence": 0.8022830082741251
    }
  }
}