{
  "model": "trial_35",
  "dataset": "ag-news",
  "timestamp": "2026-01-30 04:21:38",
  "overall_accuracy": 0.9239473684210526,
  "metrics": {
    "accuracy": 0.9239473684210526,
    "f1_macro": 0.9237573282980773,
    "precision_macro": 0.9257237107709928,
    "recall_macro": 0.9239473684210526,
    "confusion_matrix": [
      [
        1847,
        9,
        26,
        18
      ],
      [
        36,
        1850,
        11,
        3
      ],
      [
        110,
        10,
        1689,
        91
      ],
      [
        121,
        6,
        137,
        1636
      ]
    ]
  },
  "per_class_stats": {
    "0": {
      "accuracy": 0.9721052631578947,
      "precision": 0.8736991485335857,
      "recall": 0.9721052631578947,
      "f1": 0.9202790234180369,
      "mean_confidence": 0.9619735100693373
    },
    "1": {
      "accuracy": 0.9736842105263158,
      "precision": 0.9866666666666667,
      "recall": 0.9736842105263158,
      "f1": 0.9801324503311258,
      "mean_confidence": 0.9792775216579437
    },
    "2": {
      "accuracy": 0.8889473684210526,
      "precision": 0.9066022544283414,
      "recall": 0.8889473684210526,
      "f1": 0.8976880148817433,
      "mean_confidence": 0.9407696507499221
    },
    "3": {
      "accuracy": 0.8610526315789474,
      "precision": 0.9359267734553776,
      "recall": 0.8610526315789474,
      "f1": 0.8969298245614035,
      "mean_confidence": 0.9325370053234308
    }
  }
}