{
  "model": "trial_35",
  "dataset": "sst2",
  "timestamp": "2026-01-30 04:21:38",
  "overall_accuracy": 0.8497706422018348,
  "metrics": {
    "accuracy": 0.8497706422018348,
    "f1_macro": 0.8470165194624311,
    "precision_macro": 0.8706422018348624,
    "recall_macro": 0.8475940894165193,
    "confusion_matrix": [
      [
        312,
        116
      ],
      [
        15,
        429
      ]
    ]
  },
  "per_class_stats": {
    "0": {
      "accuracy": 0.7289719626168224,
      "precision": 0.9541284403669725,
      "recall": 0.7289719626168224,
      "f1": 0.8264900662251655,
      "mean_confidence": 0.9169927425340775
    },
    "1": {
      "accuracy": 0.9662162162162162,
      "precision": 0.7871559633027523,
      "recall": 0.9662162162162162,
      "f1": 0.8675429726996967,
      "mean_confidence": 0.9673681842077763
    }
  }
}