{
  "model": "trial_93",
  "dataset": "ag-news",
  "timestamp": "2026-02-01 10:30:35",
  "overall_accuracy": 0.8732894736842105,
  "metrics": {
    "accuracy": 0.8732894736842105,
    "f1_macro": 0.8737780998157402,
    "precision_macro": 0.8777433872973819,
    "recall_macro": 0.8732894736842105,
    "confusion_matrix": [
      [
        1751,
        39,
        66,
        44
      ],
      [
        144,
        1729,
        18,
        9
      ],
      [
        139,
        7,
        1634,
        120
      ],
      [
        78,
        2,
        297,
        1523
      ]
    ]
  },
  "per_class_stats": {
    "0": {
      "accuracy": 0.921578947368421,
      "precision": 0.8290719696969697,
      "recall": 0.921578947368421,
      "f1": 0.8728813559322034,
      "mean_confidence": 0.8911844734243597
    },
    "1": {
      "accuracy": 0.91,
      "precision": 0.9729881823297692,
      "recall": 0.91,
      "f1": 0.9404405765569758,
      "mean_confidence": 0.8375339025047701
    },
    "2": {
      "accuracy": 0.86,
      "precision": 0.8109181141439206,
      "recall": 0.86,
      "f1": 0.8347381864623243,
      "mean_confidence": 0.840379462910645
    },
    "3": {
      "accuracy": 0.8015789473684211,
      "precision": 0.8979952830188679,
      "recall": 0.8015789473684211,
      "f1": 0.8470522803114572,
      "mean_confidence": 0.8160859817849859
    }
  }
}