{
  "model": "trial_93",
  "dataset": "mnli",
  "timestamp": "2026-02-01 10:30:35",
  "overall_accuracy": 0.5749363219561895,
  "metrics": {
    "accuracy": 0.5749363219561895,
    "f1_macro": 0.5652201021272125,
    "precision_macro": 0.6698899670461286,
    "recall_macro": 0.5793427177109277,
    "confusion_matrix": [
      [
        1789,
        1648,
        42
      ],
      [
        239,
        2709,
        175
      ],
      [
        480,
        1588,
        1145
      ]
    ]
  },
  "per_class_stats": {
    "0": {
      "accuracy": 0.5142282265018684,
      "precision": 0.7133173843700159,
      "recall": 0.5142282265018684,
      "f1": 0.597628194421246,
      "mean_confidence": 0.6461974492436201
    },
    "1": {
      "accuracy": 0.8674351585014409,
      "precision": 0.455677039529016,
      "recall": 0.8674351585014409,
      "f1": 0.5974856638729599,
      "mean_confidence": 0.6923111344306182
    },
    "2": {
      "accuracy": 0.356364768129474,
      "precision": 0.8406754772393539,
      "recall": 0.356364768129474,
      "f1": 0.5005464480874317,
      "mean_confidence": 0.7995698840388817
    }
  }
}