{
  "model": "trial_93",
  "dataset": "sst2",
  "timestamp": "2026-02-01 10:30:35",
  "overall_accuracy": 0.8038990825688074,
  "metrics": {
    "accuracy": 0.8038990825688074,
    "f1_macro": 0.7964327401552229,
    "precision_macro": 0.8466553408366957,
    "recall_macro": 0.800654626589206,
    "confusion_matrix": [
      [
        267,
        161
      ],
      [
        10,
        434
      ]
    ]
  },
  "per_class_stats": {
    "0": {
      "accuracy": 0.6238317757009346,
      "precision": 0.9638989169675091,
      "recall": 0.6238317757009346,
      "f1": 0.7574468085106383,
      "mean_confidence": 0.7573914082472075
    },
    "1": {
      "accuracy": 0.9774774774774775,
      "precision": 0.7294117647058823,
      "recall": 0.9774774774774775,
      "f1": 0.8354186717998076,
      "mean_confidence": 0.8827892495804475
    }
  }
}