{
  "model": "trial_2",
  "dataset": "ag-news",
  "timestamp": "2026-02-01 04:09:32",
  "overall_accuracy": 0.9357894736842105,
  "metrics": {
    "accuracy": 0.9357894736842105,
    "f1_macro": 0.9358723356818166,
    "precision_macro": 0.9360261243844379,
    "recall_macro": 0.9357894736842105,
    "confusion_matrix": [
      [
        1798,
        15,
        46,
        41
      ],
      [
        17,
        1858,
        17,
        8
      ],
      [
        55,
        5,
        1735,
        105
      ],
      [
        36,
        5,
        138,
        1721
      ]
    ]
  },
  "per_class_stats": {
    "0": {
      "accuracy": 0.9463157894736842,
      "precision": 0.9433368310598111,
      "recall": 0.9463157894736842,
      "f1": 0.9448239621650026,
      "mean_confidence": 0.9485413588950917
    },
    "1": {
      "accuracy": 0.9778947368421053,
      "precision": 0.9867233138608603,
      "recall": 0.9778947368421053,
      "f1": 0.9822891884747554,
      "mean_confidence": 0.9457377612084324
    },
    "2": {
      "accuracy": 0.9131578947368421,
      "precision": 0.8961776859504132,
      "recall": 0.9131578947368421,
      "f1": 0.9045881126173096,
      "mean_confidence": 0.9169322297377281
    },
    "3": {
      "accuracy": 0.9057894736842105,
      "precision": 0.9178666666666667,
      "recall": 0.9057894736842105,
      "f1": 0.9117880794701987,
      "mean_confidence": 0.9125641979694367
    }
  }
}