{
  "model": "trial_2",
  "dataset": "mnli",
  "timestamp": "2026-02-01 04:09:32",
  "overall_accuracy": 0.4924095771777891,
  "metrics": {
    "accuracy": 0.4924095771777891,
    "f1_macro": 0.46618549650173663,
    "precision_macro": 0.6377593432155844,
    "recall_macro": 0.5001592283924464,
    "confusion_matrix": [
      [
        1216,
        2227,
        36
      ],
      [
        210,
        2811,
        102
      ],
      [
        418,
        1989,
        806
      ]
    ]
  },
  "per_class_stats": {
    "0": {
      "accuracy": 0.34952572578327107,
      "precision": 0.6594360086767896,
      "recall": 0.34952572578327107,
      "f1": 0.4568852151042645,
      "mean_confidence": 0.5913866833983689
    },
    "1": {
      "accuracy": 0.9000960614793467,
      "precision": 0.40002846164792943,
      "recall": 0.9000960614793467,
      "f1": 0.5538916256157635,
      "mean_confidence": 0.6625359162160236
    },
    "2": {
      "accuracy": 0.25085589791472146,
      "precision": 0.8538135593220338,
      "recall": 0.25085589791472146,
      "f1": 0.3877796487851816,
      "mean_confidence": 0.7118915321652667
    }
  }
}