{
  "model": "trial_2",
  "dataset": "sst2",
  "timestamp": "2026-02-01 04:09:32",
  "overall_accuracy": 0.6834862385321101,
  "metrics": {
    "accuracy": 0.6834862385321101,
    "f1_macro": 0.6459289598192218,
    "precision_macro": 0.7964887640449438,
    "recall_macro": 0.6777384861497011,
    "confusion_matrix": [
      [
        156,
        272
      ],
      [
        4,
        440
      ]
    ]
  },
  "per_class_stats": {
    "0": {
      "accuracy": 0.3644859813084112,
      "precision": 0.975,
      "recall": 0.3644859813084112,
      "f1": 0.5306122448979592,
      "mean_confidence": 0.6244032591581344
    },
    "1": {
      "accuracy": 0.990990990990991,
      "precision": 0.6179775280898876,
      "recall": 0.990990990990991,
      "f1": 0.7612456747404844,
      "mean_confidence": 0.7807949445723148
    }
  }
}