{
  "model": "trial_10",
  "dataset": "sst2",
  "timestamp": "2026-01-30 03:07:28",
  "overall_accuracy": 0.8337155963302753,
  "metrics": {
    "accuracy": 0.8337155963302753,
    "f1_macro": 0.8296321947183825,
    "precision_macro": 0.8617352716319762,
    "recall_macro": 0.8311547528837249,
    "confusion_matrix": [
      [
        296,
        132
      ],
      [
        13,
        431
      ]
    ]
  },
  "per_class_stats": {
    "0": {
      "accuracy": 0.6915887850467289,
      "precision": 0.9579288025889967,
      "recall": 0.6915887850467289,
      "f1": 0.8032564450474898,
      "mean_confidence": 0.8992260177544406
    },
    "1": {
      "accuracy": 0.9707207207207207,
      "precision": 0.7655417406749556,
      "recall": 0.9707207207207207,
      "f1": 0.8560079443892751,
      "mean_confidence": 0.9546301400894381
    }
  }
}