{
  "model": "trial_10",
  "dataset": "ag-news",
  "timestamp": "2026-01-30 03:07:28",
  "overall_accuracy": 0.9211842105263158,
  "metrics": {
    "accuracy": 0.9211842105263158,
    "f1_macro": 0.9209336446574392,
    "precision_macro": 0.9231595064702586,
    "recall_macro": 0.9211842105263157,
    "confusion_matrix": [
      [
        1848,
        11,
        23,
        18
      ],
      [
        34,
        1852,
        10,
        4
      ],
      [
        127,
        9,
        1671,
        93
      ],
      [
        124,
        12,
        134,
        1630
      ]
    ]
  },
  "per_class_stats": {
    "0": {
      "accuracy": 0.9726315789473684,
      "precision": 0.8663853727144867,
      "recall": 0.9726315789473684,
      "f1": 0.9164393751549715,
      "mean_confidence": 0.9591214161102503
    },
    "1": {
      "accuracy": 0.9747368421052631,
      "precision": 0.9830148619957537,
      "recall": 0.9747368421052631,
      "f1": 0.9788583509513742,
      "mean_confidence": 0.9777833952107754
    },
    "2": {
      "accuracy": 0.8794736842105263,
      "precision": 0.9091403699673558,
      "recall": 0.8794736842105263,
      "f1": 0.8940609951845907,
      "mean_confidence": 0.9404111333329218
    },
    "3": {
      "accuracy": 0.8578947368421053,
      "precision": 0.9340974212034384,
      "recall": 0.8578947368421053,
      "f1": 0.8943758573388203,
      "mean_confidence": 0.933455521175718
    }
  }
}