{
  "model": "trial_10",
  "dataset": "mnli",
  "timestamp": "2026-01-30 03:07:28",
  "overall_accuracy": 0.6291390728476821,
  "metrics": {
    "accuracy": 0.6291390728476821,
    "f1_macro": 0.6248590574527348,
    "precision_macro": 0.6671829823900287,
    "recall_macro": 0.6348152089478046,
    "confusion_matrix": [
      [
        1543,
        1234,
        702
      ],
      [
        186,
        2150,
        787
      ],
      [
        108,
        623,
        2482
      ]
    ]
  },
  "per_class_stats": {
    "0": {
      "accuracy": 0.4435182523713711,
      "precision": 0.8399564507348939,
      "recall": 0.4435182523713711,
      "f1": 0.5805116629044395,
      "mean_confidence": 0.6712784657805395
    },
    "1": {
      "accuracy": 0.6884406019852706,
      "precision": 0.5365610182181183,
      "recall": 0.6884406019852706,
      "f1": 0.603085553997195,
      "mean_confidence": 0.7125781109900078
    },
    "2": {
      "accuracy": 0.7724867724867724,
      "precision": 0.6250314782170738,
      "recall": 0.7724867724867724,
      "f1": 0.6909799554565702,
      "mean_confidence": 0.8185649695293755
    }
  }
}