{
  "model": "trial_73",
  "dataset": "ag-news",
  "timestamp": "2026-02-01 09:33:13",
  "overall_accuracy": 0.915921052631579,
  "metrics": {
    "accuracy": 0.915921052631579,
    "f1_macro": 0.9161289863044123,
    "precision_macro": 0.917121233797537,
    "recall_macro": 0.915921052631579,
    "confusion_matrix": [
      [
        1803,
        17,
        40,
        40
      ],
      [
        86,
        1785,
        16,
        13
      ],
      [
        83,
        4,
        1690,
        123
      ],
      [
        50,
        4,
        163,
        1683
      ]
    ]
  },
  "per_class_stats": {
    "0": {
      "accuracy": 0.9489473684210527,
      "precision": 0.8916913946587537,
      "recall": 0.9489473684210527,
      "f1": 0.9194288628250893,
      "mean_confidence": 0.9232572585373793
    },
    "1": {
      "accuracy": 0.9394736842105263,
      "precision": 0.9861878453038674,
      "recall": 0.9394736842105263,
      "f1": 0.9622641509433962,
      "mean_confidence": 0.8852913641303942
    },
    "2": {
      "accuracy": 0.8894736842105263,
      "precision": 0.8852802514405448,
      "recall": 0.8894736842105263,
      "f1": 0.8873720136518771,
      "mean_confidence": 0.8738930740551276
    },
    "3": {
      "accuracy": 0.8857894736842106,
      "precision": 0.9053254437869822,
      "recall": 0.8857894736842106,
      "f1": 0.8954509177972865,
      "mean_confidence": 0.8785235691513023
    }
  }
}