{
  "model": "trial_73",
  "dataset": "mnli",
  "timestamp": "2026-02-01 09:33:13",
  "overall_accuracy": 0.6429954151808457,
  "metrics": {
    "accuracy": 0.6429954151808457,
    "f1_macro": 0.6443839084092396,
    "precision_macro": 0.695199480494808,
    "recall_macro": 0.6464264866618867,
    "confusion_matrix": [
      [
        2020,
        1366,
        93
      ],
      [
        298,
        2580,
        245
      ],
      [
        422,
        1080,
        1711
      ]
    ]
  },
  "per_class_stats": {
    "0": {
      "accuracy": 0.5806266168439207,
      "precision": 0.7372262773722628,
      "recall": 0.5806266168439207,
      "f1": 0.6496221257436887,
      "mean_confidence": 0.6489202107173683
    },
    "1": {
      "accuracy": 0.8261287223823247,
      "precision": 0.5133306804615997,
      "recall": 0.8261287223823247,
      "f1": 0.6332065284083936,
      "mean_confidence": 0.6782352253468541
    },
    "2": {
      "accuracy": 0.5325241207594149,
      "precision": 0.8350414836505613,
      "recall": 0.5325241207594149,
      "f1": 0.6503230710756367,
      "mean_confidence": 0.8040292926419939
    }
  }
}