{
  "model": "trial_34",
  "dataset": "ag-news",
  "timestamp": "2026-01-29 23:31:21",
  "overall_accuracy": 0.8414473684210526,
  "metrics": {
    "accuracy": 0.8414473684210526,
    "f1_macro": 0.842283354820196,
    "precision_macro": 0.8543196770729662,
    "recall_macro": 0.8414473684210526,
    "confusion_matrix": [
      [
        1690,
        12,
        88,
        110
      ],
      [
        176,
        1427,
        193,
        104
      ],
      [
        58,
        0,
        1692,
        150
      ],
      [
        45,
        2,
        267,
        1586
      ]
    ]
  },
  "per_class_stats": {
    "0": {
      "accuracy": 0.8894736842105263,
      "precision": 0.8583037074657186,
      "recall": 0.8894736842105263,
      "f1": 0.873610752132334,
      "mean_confidence": 0.7652617498906873
    },
    "1": {
      "accuracy": 0.7510526315789474,
      "precision": 0.9902845246356696,
      "recall": 0.7510526315789474,
      "f1": 0.8542352589045196,
      "mean_confidence": 0.6434143540720242
    },
    "2": {
      "accuracy": 0.8905263157894737,
      "precision": 0.7553571428571428,
      "recall": 0.8905263157894737,
      "f1": 0.8173913043478261,
      "mean_confidence": 0.7286374509600656
    },
    "3": {
      "accuracy": 0.8347368421052631,
      "precision": 0.8133333333333334,
      "recall": 0.8347368421052631,
      "f1": 0.8238961038961039,
      "mean_confidence": 0.7112951566011477
    }
  }
}