{
  "model": "trial_34",
  "dataset": "sst2",
  "timestamp": "2026-01-29 23:31:21",
  "overall_accuracy": 0.7522935779816514,
  "metrics": {
    "accuracy": 0.7522935779816514,
    "f1_macro": 0.7361011477761836,
    "precision_macro": 0.8209654571210635,
    "recall_macro": 0.7480003367853835,
    "confusion_matrix": [
      [
        220,
        208
      ],
      [
        8,
        436
      ]
    ]
  },
  "per_class_stats": {
    "0": {
      "accuracy": 0.514018691588785,
      "precision": 0.9649122807017544,
      "recall": 0.514018691588785,
      "f1": 0.6707317073170732,
      "mean_confidence": 0.6304057214343757
    },
    "1": {
      "accuracy": 0.9819819819819819,
      "precision": 0.6770186335403726,
      "recall": 0.9819819819819819,
      "f1": 0.8014705882352942,
      "mean_confidence": 0.7681492164453364
    }
  }
}