{
  "model": "trial_34",
  "dataset": "mnli",
  "timestamp": "2026-01-29 23:31:21",
  "overall_accuracy": 0.6927152317880795,
  "metrics": {
    "accuracy": 0.6927152317880795,
    "f1_macro": 0.685442205957656,
    "precision_macro": 0.7461463269412366,
    "recall_macro": 0.6925768838802103,
    "confusion_matrix": [
      [
        2621,
        838,
        20
      ],
      [
        333,
        2677,
        113
      ],
      [
        556,
        1156,
        1501
      ]
    ]
  },
  "per_class_stats": {
    "0": {
      "accuracy": 0.7533774073009486,
      "precision": 0.7467236467236468,
      "recall": 0.7533774073009486,
      "f1": 0.7500357704964945,
      "mean_confidence": 0.7681703308878461
    },
    "1": {
      "accuracy": 0.8571886007044508,
      "precision": 0.5731106829372725,
      "recall": 0.8571886007044508,
      "f1": 0.686938670772389,
      "mean_confidence": 0.7612649529208925
    },
    "2": {
      "accuracy": 0.46716464363523186,
      "precision": 0.9186046511627907,
      "recall": 0.46716464363523186,
      "f1": 0.619352176604085,
      "mean_confidence": 0.8232812862866074
    }
  }
}