{
  "model": "trial_89",
  "dataset": "sst2",
  "timestamp": "2026-01-30 07:06:31",
  "overall_accuracy": 0.7694954128440367,
  "metrics": {
    "accuracy": 0.7694954128440367,
    "f1_macro": 0.7565609187994716,
    "precision_macro": 0.8301209706438465,
    "recall_macro": 0.7655237012713648,
    "confusion_matrix": [
      [
        235,
        193
      ],
      [
        8,
        436
      ]
    ]
  },
  "per_class_stats": {
    "0": {
      "accuracy": 0.5490654205607477,
      "precision": 0.9670781893004116,
      "recall": 0.5490654205607477,
      "f1": 0.7004470938897168,
      "mean_confidence": 0.7653529906469118
    },
    "1": {
      "accuracy": 0.9819819819819819,
      "precision": 0.6931637519872814,
      "recall": 0.9819819819819819,
      "f1": 0.8126747437092264,
      "mean_confidence": 0.9051545435749291
    }
  }
}