{
  "model": "trial_89",
  "dataset": "mnli",
  "timestamp": "2026-01-30 07:06:31",
  "overall_accuracy": 0.6569536423841059,
  "metrics": {
    "accuracy": 0.6569536423841059,
    "f1_macro": 0.6556844428995658,
    "precision_macro": 0.6782919150910035,
    "recall_macro": 0.6607319880262617,
    "confusion_matrix": [
      [
        1841,
        984,
        654
      ],
      [
        250,
        2136,
        737
      ],
      [
        159,
        583,
        2471
      ]
    ]
  },
  "per_class_stats": {
    "0": {
      "accuracy": 0.5291750503018109,
      "precision": 0.8182222222222222,
      "recall": 0.5291750503018109,
      "f1": 0.6426950602199337,
      "mean_confidence": 0.6702464285029305
    },
    "1": {
      "accuracy": 0.6839577329490875,
      "precision": 0.5768295976235485,
      "recall": 0.6839577329490875,
      "f1": 0.6258423674186933,
      "mean_confidence": 0.6946106478068882
    },
    "2": {
      "accuracy": 0.7690631808278867,
      "precision": 0.6398239254272398,
      "recall": 0.7690631808278867,
      "f1": 0.6985159010600707,
      "mean_confidence": 0.7968589337238804
    }
  }
}