{
  "model": "trial_89",
  "dataset": "ag-news",
  "timestamp": "2026-01-30 07:06:31",
  "overall_accuracy": 0.9365789473684211,
  "metrics": {
    "accuracy": 0.9365789473684211,
    "f1_macro": 0.9364140189063298,
    "precision_macro": 0.937006719591058,
    "recall_macro": 0.9365789473684211,
    "confusion_matrix": [
      [
        1846,
        6,
        29,
        19
      ],
      [
        21,
        1863,
        13,
        3
      ],
      [
        71,
        7,
        1726,
        96
      ],
      [
        79,
        6,
        132,
        1683
      ]
    ]
  },
  "per_class_stats": {
    "0": {
      "accuracy": 0.9715789473684211,
      "precision": 0.9152206246901339,
      "recall": 0.9715789473684211,
      "f1": 0.9425580801633904,
      "mean_confidence": 0.9747903866376626
    },
    "1": {
      "accuracy": 0.9805263157894737,
      "precision": 0.98990435706695,
      "recall": 0.9805263157894737,
      "f1": 0.985193019566367,
      "mean_confidence": 0.9917102077150446
    },
    "2": {
      "accuracy": 0.9084210526315789,
      "precision": 0.9084210526315789,
      "recall": 0.9084210526315789,
      "f1": 0.9084210526315789,
      "mean_confidence": 0.9548250461722675
    },
    "3": {
      "accuracy": 0.8857894736842106,
      "precision": 0.9344808439755691,
      "recall": 0.8857894736842106,
      "f1": 0.9094839232639828,
      "mean_confidence": 0.9458244961543192
    }
  }
}