{
  "model": "trial_14",
  "dataset": "mnli",
  "timestamp": "2026-02-02 22:12:00",
  "overall_accuracy": 0.3226693835965359,
  "metrics": {
    "accuracy": 0.3226693835965359,
    "f1_macro": 0.1811758143710822,
    "precision_macro": 0.4549705339864177,
    "recall_macro": 0.33765125099376864,
    "confusion_matrix": [
      [
        7,
        3461,
        11
      ],
      [
        2,
        3059,
        62
      ],
      [
        6,
        3106,
        101
      ]
    ]
  },
  "per_class_stats": {
    "0": {
      "accuracy": 0.002012072434607646,
      "precision": 0.4666666666666667,
      "recall": 0.002012072434607646,
      "f1": 0.004006868918145392,
      "mean_confidence": 0.5269265572230021
    },
    "1": {
      "accuracy": 0.9795068844060199,
      "precision": 0.3177851651776439,
      "recall": 0.9795068844060199,
      "f1": 0.4798807749627422,
      "mean_confidence": 0.6993036773647906
    },
    "2": {
      "accuracy": 0.03143479614067849,
      "precision": 0.5804597701149425,
      "recall": 0.03143479614067849,
      "f1": 0.05963979923235902,
      "mean_confidence": 0.7881008503080784
    }
  }
}