{
  "model": "trial_14",
  "dataset": "ag-news",
  "timestamp": "2026-02-02 22:12:00",
  "overall_accuracy": 0.8589473684210527,
  "metrics": {
    "accuracy": 0.8589473684210527,
    "f1_macro": 0.8602159699167912,
    "precision_macro": 0.8638890270179782,
    "recall_macro": 0.8589473684210527,
    "confusion_matrix": [
      [
        1656,
        35,
        80,
        129
      ],
      [
        125,
        1639,
        57,
        79
      ],
      [
        78,
        5,
        1634,
        183
      ],
      [
        42,
        1,
        258,
        1599
      ]
    ]
  },
  "per_class_stats": {
    "0": {
      "accuracy": 0.871578947368421,
      "precision": 0.8711204629142556,
      "recall": 0.871578947368421,
      "f1": 0.8713496448303079,
      "mean_confidence": 0.8259441705987931
    },
    "1": {
      "accuracy": 0.8626315789473684,
      "precision": 0.9755952380952381,
      "recall": 0.8626315789473684,
      "f1": 0.9156424581005587,
      "mean_confidence": 0.778807981241317
    },
    "2": {
      "accuracy": 0.86,
      "precision": 0.8053228191227205,
      "recall": 0.86,
      "f1": 0.8317638075846271,
      "mean_confidence": 0.7943774522849055
    },
    "3": {
      "accuracy": 0.8415789473684211,
      "precision": 0.8035175879396985,
      "recall": 0.8415789473684211,
      "f1": 0.822107969151671,
      "mean_confidence": 0.7647611882518883
    }
  }
}