{
  "model": "trial_78",
  "dataset": "ag-news",
  "timestamp": "2026-01-30 01:42:46",
  "overall_accuracy": 0.8605263157894737,
  "metrics": {
    "accuracy": 0.8605263157894737,
    "f1_macro": 0.8614927071710254,
    "precision_macro": 0.8694416419809138,
    "recall_macro": 0.8605263157894737,
    "confusion_matrix": [
      [
        1737,
        18,
        76,
        69
      ],
      [
        177,
        1558,
        122,
        43
      ],
      [
        81,
        2,
        1697,
        120
      ],
      [
        58,
        2,
        292,
        1548
      ]
    ]
  },
  "per_class_stats": {
    "0": {
      "accuracy": 0.9142105263157895,
      "precision": 0.8460789089137847,
      "recall": 0.9142105263157895,
      "f1": 0.8788262079433342,
      "mean_confidence": 0.828815372148143
    },
    "1": {
      "accuracy": 0.82,
      "precision": 0.9860759493670886,
      "recall": 0.82,
      "f1": 0.8954022988505748,
      "mean_confidence": 0.7453149621056605
    },
    "2": {
      "accuracy": 0.8931578947368422,
      "precision": 0.7759487882944673,
      "recall": 0.8931578947368422,
      "f1": 0.8304379740641057,
      "mean_confidence": 0.7923746624383198
    },
    "3": {
      "accuracy": 0.8147368421052632,
      "precision": 0.8696629213483146,
      "recall": 0.8147368421052632,
      "f1": 0.841304347826087,
      "mean_confidence": 0.7566894108994623
    }
  }
}