{
  "model": "trial_81",
  "dataset": "mnli",
  "timestamp": "2026-02-01 09:56:58",
  "overall_accuracy": 0.5696383087111564,
  "metrics": {
    "accuracy": 0.5696383087111564,
    "f1_macro": 0.5604726104821879,
    "precision_macro": 0.6634715620127918,
    "recall_macro": 0.5742759353383942,
    "confusion_matrix": [
      [
        1742,
        1689,
        48
      ],
      [
        239,
        2694,
        190
      ],
      [
        473,
        1585,
        1155
      ]
    ]
  },
  "per_class_stats": {
    "0": {
      "accuracy": 0.5007185972980741,
      "precision": 0.7098614506927465,
      "recall": 0.5007185972980741,
      "f1": 0.5872240013483904,
      "mean_confidence": 0.6369663291499201
    },
    "1": {
      "accuracy": 0.8626320845341018,
      "precision": 0.45140750670241286,
      "recall": 0.8626320845341018,
      "f1": 0.5926740732592674,
      "mean_confidence": 0.6820788207805988
    },
    "2": {
      "accuracy": 0.35947712418300654,
      "precision": 0.8291457286432161,
      "recall": 0.35947712418300654,
      "f1": 0.5015197568389058,
      "mean_confidence": 0.7971988712508988
    }
  }
}