{
  "model": "trial_81",
  "dataset": "ag-news",
  "timestamp": "2026-02-01 09:56:58",
  "overall_accuracy": 0.8667105263157895,
  "metrics": {
    "accuracy": 0.8667105263157895,
    "f1_macro": 0.8673666721160682,
    "precision_macro": 0.8724791410619207,
    "recall_macro": 0.8667105263157895,
    "confusion_matrix": [
      [
        1752,
        37,
        65,
        46
      ],
      [
        173,
        1697,
        20,
        10
      ],
      [
        149,
        6,
        1627,
        118
      ],
      [
        78,
        3,
        308,
        1511
      ]
    ]
  },
  "per_class_stats": {
    "0": {
      "accuracy": 0.9221052631578948,
      "precision": 0.8141263940520446,
      "recall": 0.9221052631578948,
      "f1": 0.8647581441263573,
      "mean_confidence": 0.885063164600874
    },
    "1": {
      "accuracy": 0.8931578947368422,
      "precision": 0.9736087205966724,
      "recall": 0.8931578947368422,
      "f1": 0.9316497392259127,
      "mean_confidence": 0.8253078481211309
    },
    "2": {
      "accuracy": 0.8563157894736843,
      "precision": 0.8054455445544555,
      "recall": 0.8563157894736843,
      "f1": 0.8301020408163265,
      "mean_confidence": 0.8355154187519952
    },
    "3": {
      "accuracy": 0.7952631578947369,
      "precision": 0.8967359050445104,
      "recall": 0.7952631578947369,
      "f1": 0.8429567642956765,
      "mean_confidence": 0.8122671022966991
    }
  }
}