{
  "model": "trial_81",
  "dataset": "sst2",
  "timestamp": "2026-02-01 09:56:58",
  "overall_accuracy": 0.819954128440367,
  "metrics": {
    "accuracy": 0.819954128440367,
    "f1_macro": 0.8143883468030039,
    "precision_macro": 0.8551492216190089,
    "recall_macro": 0.8170518649490612,
    "confusion_matrix": [
      [
        282,
        146
      ],
      [
        11,
        433
      ]
    ]
  },
  "per_class_stats": {
    "0": {
      "accuracy": 0.6588785046728972,
      "precision": 0.962457337883959,
      "recall": 0.6588785046728972,
      "f1": 0.782246879334258,
      "mean_confidence": 0.8019992397913753
    },
    "1": {
      "accuracy": 0.9752252252252253,
      "precision": 0.7478411053540587,
      "recall": 0.9752252252252253,
      "f1": 0.8465298142717498,
      "mean_confidence": 0.9028453281300467
    }
  }
}