{
  "model": "trial_25",
  "dataset": "mnli",
  "timestamp": "2026-01-30 03:51:15",
  "overall_accuracy": 0.6464595007641365,
  "metrics": {
    "accuracy": 0.6464595007641365,
    "f1_macro": 0.6446566326548023,
    "precision_macro": 0.67599938695141,
    "recall_macro": 0.6512725514319414,
    "confusion_matrix": [
      [
        1706,
        1197,
        576
      ],
      [
        217,
        2188,
        718
      ],
      [
        138,
        624,
        2451
      ]
    ]
  },
  "per_class_stats": {
    "0": {
      "accuracy": 0.49037079620580626,
      "precision": 0.8277535177098496,
      "recall": 0.49037079620580626,
      "f1": 0.615884476534296,
      "mean_confidence": 0.6800514307634047
    },
    "1": {
      "accuracy": 0.7006083893691963,
      "precision": 0.5457720129708157,
      "recall": 0.7006083893691963,
      "f1": 0.6135726303982053,
      "mean_confidence": 0.7056423935116483
    },
    "2": {
      "accuracy": 0.7628384687208216,
      "precision": 0.6544726301735647,
      "recall": 0.7628384687208216,
      "f1": 0.7045127910319057,
      "mean_confidence": 0.8179652471329086
    }
  }
}