{
  "model": "trial_25",
  "dataset": "sst2",
  "timestamp": "2026-01-30 03:51:15",
  "overall_accuracy": 0.8474770642201835,
  "metrics": {
    "accuracy": 0.8474770642201835,
    "f1_macro": 0.8443807824167566,
    "precision_macro": 0.8708578568561267,
    "recall_macro": 0.8451734444725099,
    "confusion_matrix": [
      [
        308,
        120
      ],
      [
        13,
        431
      ]
    ]
  },
  "per_class_stats": {
    "0": {
      "accuracy": 0.719626168224299,
      "precision": 0.9595015576323987,
      "recall": 0.719626168224299,
      "f1": 0.822429906542056,
      "mean_confidence": 0.8980905421054994
    },
    "1": {
      "accuracy": 0.9707207207207207,
      "precision": 0.7822141560798548,
      "recall": 0.9707207207207207,
      "f1": 0.8663316582914573,
      "mean_confidence": 0.953013694437792
    }
  }
}