{
  "model": "trial_25",
  "dataset": "ag-news",
  "timestamp": "2026-01-30 03:51:15",
  "overall_accuracy": 0.925,
  "metrics": {
    "accuracy": 0.925,
    "f1_macro": 0.9248555000004912,
    "precision_macro": 0.926865087448278,
    "recall_macro": 0.9249999999999999,
    "confusion_matrix": [
      [
        1851,
        10,
        24,
        15
      ],
      [
        37,
        1847,
        11,
        5
      ],
      [
        114,
        6,
        1685,
        95
      ],
      [
        119,
        6,
        128,
        1647
      ]
    ]
  },
  "per_class_stats": {
    "0": {
      "accuracy": 0.9742105263157895,
      "precision": 0.8727015558698727,
      "recall": 0.9742105263157895,
      "f1": 0.9206665008704302,
      "mean_confidence": 0.9579177264164552
    },
    "1": {
      "accuracy": 0.9721052631578947,
      "precision": 0.9882289994649546,
      "recall": 0.9721052631578947,
      "f1": 0.9801008224993367,
      "mean_confidence": 0.9785615247223325
    },
    "2": {
      "accuracy": 0.8868421052631579,
      "precision": 0.9117965367965368,
      "recall": 0.8868421052631579,
      "f1": 0.8991462113127001,
      "mean_confidence": 0.9422519046700362
    },
    "3": {
      "accuracy": 0.8668421052631579,
      "precision": 0.934733257661748,
      "recall": 0.8668421052631579,
      "f1": 0.8995084653194976,
      "mean_confidence": 0.9312839707810004
    }
  }
}