{
  "model": "trial_81",
  "dataset": "sst2",
  "timestamp": "2026-01-30 06:40:49",
  "overall_accuracy": 0.786697247706422,
  "metrics": {
    "accuracy": 0.786697247706422,
    "f1_macro": 0.776757399577167,
    "precision_macro": 0.8380844645550528,
    "recall_macro": 0.7830891639302855,
    "confusion_matrix": [
      [
        251,
        177
      ],
      [
        9,
        435
      ]
    ]
  },
  "per_class_stats": {
    "0": {
      "accuracy": 0.5864485981308412,
      "precision": 0.9653846153846154,
      "recall": 0.5864485981308412,
      "f1": 0.7296511627906976,
      "mean_confidence": 0.7890309863365613
    },
    "1": {
      "accuracy": 0.9797297297297297,
      "precision": 0.7107843137254902,
      "recall": 0.9797297297297297,
      "f1": 0.8238636363636364,
      "mean_confidence": 0.9178741422354006
    }
  }
}