{
  "model": "trial_81",
  "dataset": "ag-news",
  "timestamp": "2026-01-30 06:40:49",
  "overall_accuracy": 0.9305263157894736,
  "metrics": {
    "accuracy": 0.9305263157894736,
    "f1_macro": 0.9303460464428559,
    "precision_macro": 0.9314819383792864,
    "recall_macro": 0.9305263157894736,
    "confusion_matrix": [
      [
        1846,
        7,
        29,
        18
      ],
      [
        29,
        1854,
        13,
        4
      ],
      [
        89,
        8,
        1715,
        88
      ],
      [
        89,
        7,
        147,
        1657
      ]
    ]
  },
  "per_class_stats": {
    "0": {
      "accuracy": 0.9715789473684211,
      "precision": 0.899171943497321,
      "recall": 0.9715789473684211,
      "f1": 0.9339741968125475,
      "mean_confidence": 0.9690129026313323
    },
    "1": {
      "accuracy": 0.9757894736842105,
      "precision": 0.988272921108742,
      "recall": 0.9757894736842105,
      "f1": 0.9819915254237288,
      "mean_confidence": 0.9896410878088429
    },
    "2": {
      "accuracy": 0.9026315789473685,
      "precision": 0.9007352941176471,
      "recall": 0.9026315789473685,
      "f1": 0.9016824395373291,
      "mean_confidence": 0.9512776170833772
    },
    "3": {
      "accuracy": 0.8721052631578947,
      "precision": 0.9377475947934352,
      "recall": 0.8721052631578947,
      "f1": 0.9037360239978184,
      "mean_confidence": 0.9359266082310852
    }
  }
}