{
  "model": "trial_81",
  "dataset": "mnli",
  "timestamp": "2026-01-30 06:40:49",
  "overall_accuracy": 0.6885379521141111,
  "metrics": {
    "accuracy": 0.6885379521141111,
    "f1_macro": 0.6872061346447692,
    "precision_macro": 0.7073192303315556,
    "recall_macro": 0.6918006702439694,
    "confusion_matrix": [
      [
        1987,
        880,
        612
      ],
      [
        235,
        2158,
        730
      ],
      [
        123,
        477,
        2613
      ]
    ]
  },
  "per_class_stats": {
    "0": {
      "accuracy": 0.5711411325093417,
      "precision": 0.8473347547974414,
      "recall": 0.5711411325093417,
      "f1": 0.6823489010989011,
      "mean_confidence": 0.6866451679262271
    },
    "1": {
      "accuracy": 0.691002241434518,
      "precision": 0.6139402560455192,
      "recall": 0.691002241434518,
      "f1": 0.6501958421211208,
      "mean_confidence": 0.7032072687471235
    },
    "2": {
      "accuracy": 0.8132586367880486,
      "precision": 0.6606826801517067,
      "recall": 0.8132586367880486,
      "f1": 0.7290736607142857,
      "mean_confidence": 0.8111265581642783
    }
  }
}