{
  "model": "trial_27",
  "dataset": "sst2",
  "timestamp": "2026-01-30 03:57:14",
  "overall_accuracy": 0.8153669724770642,
  "metrics": {
    "accuracy": 0.8153669724770642,
    "f1_macro": 0.8098140975882674,
    "precision_macro": 0.8488881708427577,
    "recall_macro": 0.8125052622716173,
    "confusion_matrix": [
      [
        281,
        147
      ],
      [
        14,
        430
      ]
    ]
  },
  "per_class_stats": {
    "0": {
      "accuracy": 0.6565420560747663,
      "precision": 0.9525423728813559,
      "recall": 0.6565420560747663,
      "f1": 0.7773167358229599,
      "mean_confidence": 0.8476396746554618
    },
    "1": {
      "accuracy": 0.9684684684684685,
      "precision": 0.7452339688041595,
      "recall": 0.9684684684684685,
      "f1": 0.8423114593535749,
      "mean_confidence": 0.9321244372445541
    }
  }
}