{
  "model": "trial_27",
  "dataset": "mnli",
  "timestamp": "2026-01-30 03:57:14",
  "overall_accuracy": 0.6506367804381049,
  "metrics": {
    "accuracy": 0.6506367804381049,
    "f1_macro": 0.6494075772689477,
    "precision_macro": 0.6782114222133059,
    "recall_macro": 0.6553174845635151,
    "confusion_matrix": [
      [
        1747,
        1168,
        564
      ],
      [
        221,
        2227,
        675
      ],
      [
        155,
        646,
        2412
      ]
    ]
  },
  "per_class_stats": {
    "0": {
      "accuracy": 0.5021557918942224,
      "precision": 0.8228921337729628,
      "recall": 0.5021557918942224,
      "f1": 0.6237058193502321,
      "mean_confidence": 0.6848935918936009
    },
    "1": {
      "accuracy": 0.7130963816842779,
      "precision": 0.5511012125711457,
      "recall": 0.7130963816842779,
      "f1": 0.6217197096594081,
      "mean_confidence": 0.7099848624150136
    },
    "2": {
      "accuracy": 0.7507002801120448,
      "precision": 0.6606409202958093,
      "recall": 0.7507002801120448,
      "f1": 0.7027972027972028,
      "mean_confidence": 0.8116563394833055
    }
  }
}