{
  "model": "trial_27",
  "dataset": "ag-news",
  "timestamp": "2026-01-30 03:57:14",
  "overall_accuracy": 0.9311842105263158,
  "metrics": {
    "accuracy": 0.9311842105263158,
    "f1_macro": 0.9310281866939996,
    "precision_macro": 0.9322001454430022,
    "recall_macro": 0.9311842105263157,
    "confusion_matrix": [
      [
        1847,
        8,
        29,
        16
      ],
      [
        29,
        1855,
        12,
        4
      ],
      [
        92,
        6,
        1708,
        94
      ],
      [
        98,
        6,
        129,
        1667
      ]
    ]
  },
  "per_class_stats": {
    "0": {
      "accuracy": 0.9721052631578947,
      "precision": 0.8939980638915779,
      "recall": 0.9721052631578947,
      "f1": 0.9314170448814927,
      "mean_confidence": 0.9662369885351166
    },
    "1": {
      "accuracy": 0.9763157894736842,
      "precision": 0.9893333333333333,
      "recall": 0.9763157894736842,
      "f1": 0.9827814569536424,
      "mean_confidence": 0.9865118774255117
    },
    "2": {
      "accuracy": 0.8989473684210526,
      "precision": 0.9094781682641108,
      "recall": 0.8989473684210526,
      "f1": 0.9041821069348862,
      "mean_confidence": 0.94618994072159
    },
    "3": {
      "accuracy": 0.8773684210526316,
      "precision": 0.9359910162829871,
      "recall": 0.8773684210526316,
      "f1": 0.9057321380059766,
      "mean_confidence": 0.9395946359647787
    }
  }
}