{
  "model": "trial_9",
  "dataset": "sst2",
  "timestamp": "2026-02-02 21:56:44",
  "overall_accuracy": 0.6754587155963303,
  "metrics": {
    "accuracy": 0.6754587155963303,
    "f1_macro": 0.6366447326767369,
    "precision_macro": 0.7844390342868737,
    "recall_macro": 0.6696872105750611,
    "confusion_matrix": [
      [
        152,
        276
      ],
      [
        7,
        437
      ]
    ]
  },
  "per_class_stats": {
    "0": {
      "accuracy": 0.35514018691588783,
      "precision": 0.9559748427672956,
      "recall": 0.35514018691588783,
      "f1": 0.5178875638841567,
      "mean_confidence": 0.5667016502446348
    },
    "1": {
      "accuracy": 0.9842342342342343,
      "precision": 0.6129032258064516,
      "recall": 0.9842342342342343,
      "f1": 0.7554019014693172,
      "mean_confidence": 0.656208402562108
    }
  }
}