{
  "model": "trial_43",
  "dataset": "ag-news",
  "timestamp": "2026-01-29 23:57:43",
  "overall_accuracy": 0.8413157894736842,
  "metrics": {
    "accuracy": 0.8413157894736842,
    "f1_macro": 0.8421800599906035,
    "precision_macro": 0.8536098857757863,
    "recall_macro": 0.8413157894736842,
    "confusion_matrix": [
      [
        1715,
        18,
        87,
        80
      ],
      [
        222,
        1456,
        158,
        64
      ],
      [
        87,
        0,
        1680,
        133
      ],
      [
        57,
        1,
        299,
        1543
      ]
    ]
  },
  "per_class_stats": {
    "0": {
      "accuracy": 0.9026315789473685,
      "precision": 0.8241230177799135,
      "recall": 0.9026315789473685,
      "f1": 0.8615925646822407,
      "mean_confidence": 0.7895672234246961
    },
    "1": {
      "accuracy": 0.7663157894736842,
      "precision": 0.9871186440677966,
      "recall": 0.7663157894736842,
      "f1": 0.8628148148148148,
      "mean_confidence": 0.6911235457557743
    },
    "2": {
      "accuracy": 0.8842105263157894,
      "precision": 0.7553956834532374,
      "recall": 0.8842105263157894,
      "f1": 0.8147429679922406,
      "mean_confidence": 0.7568337932604251
    },
    "3": {
      "accuracy": 0.8121052631578948,
      "precision": 0.8478021978021978,
      "recall": 0.8121052631578948,
      "f1": 0.8295698924731183,
      "mean_confidence": 0.7251500168999473
    }
  }
}