{
  "model": "trial_58",
  "dataset": "mnli",
  "timestamp": "2026-01-30 05:29:52",
  "overall_accuracy": 0.7543555781966378,
  "metrics": {
    "accuracy": 0.7543555781966378,
    "f1_macro": 0.7554166955500249,
    "precision_macro": 0.7773791267244805,
    "recall_macro": 0.7584699252017963,
    "confusion_matrix": [
      [
        2200,
        984,
        295
      ],
      [
        153,
        2606,
        364
      ],
      [
        87,
        528,
        2598
      ]
    ]
  },
  "per_class_stats": {
    "0": {
      "accuracy": 0.6323656223052602,
      "precision": 0.9016393442622951,
      "recall": 0.6323656223052602,
      "f1": 0.7433688122993749,
      "mean_confidence": 0.7893051462583854
    },
    "1": {
      "accuracy": 0.8344540505923791,
      "precision": 0.6328314715881496,
      "recall": 0.8344540505923791,
      "f1": 0.7197900842425079,
      "mean_confidence": 0.8242281815665853
    },
    "2": {
      "accuracy": 0.8085901027077498,
      "precision": 0.7976665643229967,
      "recall": 0.8085901027077498,
      "f1": 0.8030911901081916,
      "mean_confidence": 0.8725476046079941
    }
  }
}