{
  "model": "trial_58",
  "dataset": "sst2",
  "timestamp": "2026-01-30 05:29:52",
  "overall_accuracy": 0.6055045871559633,
  "metrics": {
    "accuracy": 0.6055045871559633,
    "f1_macro": 0.5255322514314638,
    "precision_macro": 0.7759926622877094,
    "recall_macro": 0.5981729392944346,
    "confusion_matrix": [
      [
        85,
        343
      ],
      [
        1,
        443
      ]
    ]
  },
  "per_class_stats": {
    "0": {
      "accuracy": 0.1985981308411215,
      "precision": 0.9883720930232558,
      "recall": 0.1985981308411215,
      "f1": 0.33073929961089493,
      "mean_confidence": 0.5936271950255992
    },
    "1": {
      "accuracy": 0.9977477477477478,
      "precision": 0.5636132315521628,
      "recall": 0.9977477477477478,
      "f1": 0.7203252032520325,
      "mean_confidence": 0.7851876833360008
    }
  }
}