{
  "model": "trial_58",
  "dataset": "ag-news",
  "timestamp": "2026-01-30 05:29:52",
  "overall_accuracy": 0.9311842105263158,
  "metrics": {
    "accuracy": 0.9311842105263158,
    "f1_macro": 0.9310662870587588,
    "precision_macro": 0.9317649878297649,
    "recall_macro": 0.9311842105263158,
    "confusion_matrix": [
      [
        1838,
        9,
        30,
        23
      ],
      [
        30,
        1851,
        13,
        6
      ],
      [
        79,
        6,
        1717,
        98
      ],
      [
        73,
        5,
        151,
        1671
      ]
    ]
  },
  "per_class_stats": {
    "0": {
      "accuracy": 0.9673684210526315,
      "precision": 0.9099009900990099,
      "recall": 0.9673684210526315,
      "f1": 0.9377551020408164,
      "mean_confidence": 0.9663018347603259
    },
    "1": {
      "accuracy": 0.9742105263157895,
      "precision": 0.9893105291288081,
      "recall": 0.9742105263157895,
      "f1": 0.9817024661893397,
      "mean_confidence": 0.9843737648840832
    },
    "2": {
      "accuracy": 0.9036842105263158,
      "precision": 0.8984824699110413,
      "recall": 0.9036842105263158,
      "f1": 0.9010758331146681,
      "mean_confidence": 0.944583539919726
    },
    "3": {
      "accuracy": 0.8794736842105263,
      "precision": 0.9293659621802002,
      "recall": 0.8794736842105263,
      "f1": 0.903731746890211,
      "mean_confidence": 0.9222035718308937
    }
  }
}