{
  "model": "trial_31",
  "dataset": "sst2",
  "timestamp": "2026-01-30 04:09:17",
  "overall_accuracy": 0.6284403669724771,
  "metrics": {
    "accuracy": 0.6284403669724771,
    "f1_macro": 0.564556400155357,
    "precision_macro": 0.7757337151037939,
    "recall_macro": 0.6216216216216216,
    "confusion_matrix": [
      [
        107,
        321
      ],
      [
        3,
        441
      ]
    ]
  },
  "per_class_stats": {
    "0": {
      "accuracy": 0.25,
      "precision": 0.9727272727272728,
      "recall": 0.25,
      "f1": 0.39776951672862454,
      "mean_confidence": 0.6790590036999096
    },
    "1": {
      "accuracy": 0.9932432432432432,
      "precision": 0.5787401574803149,
      "recall": 0.9932432432432432,
      "f1": 0.7313432835820896,
      "mean_confidence": 0.8290623467112463
    }
  }
}