{
  "model": "trial_13",
  "dataset": "sst2",
  "timestamp": "2026-02-02 22:08:57",
  "overall_accuracy": 0.7087155963302753,
  "metrics": {
    "accuracy": 0.7087155963302753,
    "f1_macro": 0.6835288940200152,
    "precision_macro": 0.7901717471450409,
    "recall_macro": 0.7037762061126547,
    "confusion_matrix": [
      [
        186,
        242
      ],
      [
        12,
        432
      ]
    ]
  },
  "per_class_stats": {
    "0": {
      "accuracy": 0.43457943925233644,
      "precision": 0.9393939393939394,
      "recall": 0.43457943925233644,
      "f1": 0.5942492012779552,
      "mean_confidence": 0.5822939493439414
    },
    "1": {
      "accuracy": 0.972972972972973,
      "precision": 0.6409495548961425,
      "recall": 0.972972972972973,
      "f1": 0.7728085867620751,
      "mean_confidence": 0.6770846759707001
    }
  }
}