{
  "model": "trial_13",
  "dataset": "ag-news",
  "timestamp": "2026-02-02 22:08:57",
  "overall_accuracy": 0.7732894736842105,
  "metrics": {
    "accuracy": 0.7732894736842105,
    "f1_macro": 0.7752741886871015,
    "precision_macro": 0.8019228372724818,
    "recall_macro": 0.7732894736842104,
    "confusion_matrix": [
      [
        1490,
        25,
        88,
        297
      ],
      [
        212,
        1224,
        120,
        344
      ],
      [
        69,
        6,
        1558,
        267
      ],
      [
        29,
        2,
        264,
        1605
      ]
    ]
  },
  "per_class_stats": {
    "0": {
      "accuracy": 0.7842105263157895,
      "precision": 0.8277777777777777,
      "recall": 0.7842105263157895,
      "f1": 0.8054054054054054,
      "mean_confidence": 0.7158418401082357
    },
    "1": {
      "accuracy": 0.6442105263157895,
      "precision": 0.9737470167064439,
      "recall": 0.6442105263157895,
      "f1": 0.7754197022489705,
      "mean_confidence": 0.6471536963490522
    },
    "2": {
      "accuracy": 0.82,
      "precision": 0.767487684729064,
      "recall": 0.82,
      "f1": 0.7928753180661577,
      "mean_confidence": 0.7094239878390223
    },
    "3": {
      "accuracy": 0.8447368421052631,
      "precision": 0.6386788698766415,
      "recall": 0.8447368421052631,
      "f1": 0.7273963290278722,
      "mean_confidence": 0.6807566994672936
    }
  }
}