{
  "model": "trial_13",
  "dataset": "mnli",
  "timestamp": "2026-02-02 22:08:57",
  "overall_accuracy": 0.32440142638818137,
  "metrics": {
    "accuracy": 0.32440142638818137,
    "f1_macro": 0.18351593005057124,
    "precision_macro": 0.4404565017363688,
    "recall_macro": 0.33945171230839244,
    "confusion_matrix": [
      [
        5,
        3467,
        7
      ],
      [
        2,
        3066,
        55
      ],
      [
        7,
        3093,
        113
      ]
    ]
  },
  "per_class_stats": {
    "0": {
      "accuracy": 0.0014371945961483186,
      "precision": 0.35714285714285715,
      "recall": 0.0014371945961483186,
      "f1": 0.0028628685943315204,
      "mean_confidence": 0.5162713761840548
    },
    "1": {
      "accuracy": 0.9817483189241114,
      "precision": 0.31851236235196345,
      "recall": 0.9817483189241114,
      "f1": 0.48097890030590634,
      "mean_confidence": 0.7017597012328626
    },
    "2": {
      "accuracy": 0.03516962340491752,
      "precision": 0.6457142857142857,
      "recall": 0.03516962340491752,
      "f1": 0.0667060212514758,
      "mean_confidence": 0.7930505117348262
    }
  }
}