{
  "model": "trial_82",
  "dataset": "sst2",
  "timestamp": "2026-01-30 06:44:01",
  "overall_accuracy": 0.8119266055045872,
  "metrics": {
    "accuracy": 0.8119266055045872,
    "f1_macro": 0.8061917591382928,
    "precision_macro": 0.8455970623543536,
    "recall_macro": 0.8090426875473604,
    "confusion_matrix": [
      [
        279,
        149
      ],
      [
        15,
        429
      ]
    ]
  },
  "per_class_stats": {
    "0": {
      "accuracy": 0.6518691588785047,
      "precision": 0.9489795918367347,
      "recall": 0.6518691588785047,
      "f1": 0.7728531855955678,
      "mean_confidence": 0.857724009930682
    },
    "1": {
      "accuracy": 0.9662162162162162,
      "precision": 0.7422145328719724,
      "recall": 0.9662162162162162,
      "f1": 0.8395303326810176,
      "mean_confidence": 0.9395815293887907
    }
  }
}