{
  "model": "trial_82",
  "dataset": "ag-news",
  "timestamp": "2026-01-30 06:44:01",
  "overall_accuracy": 0.9226315789473685,
  "metrics": {
    "accuracy": 0.9226315789473685,
    "f1_macro": 0.9224897000944763,
    "precision_macro": 0.9245601486590755,
    "recall_macro": 0.9226315789473684,
    "confusion_matrix": [
      [
        1846,
        9,
        28,
        17
      ],
      [
        41,
        1842,
        13,
        4
      ],
      [
        110,
        9,
        1690,
        91
      ],
      [
        120,
        6,
        140,
        1634
      ]
    ]
  },
  "per_class_stats": {
    "0": {
      "accuracy": 0.9715789473684211,
      "precision": 0.8719886632026452,
      "recall": 0.9715789473684211,
      "f1": 0.919093851132686,
      "mean_confidence": 0.9608072392012524
    },
    "1": {
      "accuracy": 0.9694736842105263,
      "precision": 0.9871382636655949,
      "recall": 0.9694736842105263,
      "f1": 0.9782262347318109,
      "mean_confidence": 0.9818562596461398
    },
    "2": {
      "accuracy": 0.8894736842105263,
      "precision": 0.9032602886157135,
      "recall": 0.8894736842105263,
      "f1": 0.896313975072925,
      "mean_confidence": 0.942727316149029
    },
    "3": {
      "accuracy": 0.86,
      "precision": 0.9358533791523482,
      "recall": 0.86,
      "f1": 0.8963247394404827,
      "mean_confidence": 0.9311202983846643
    }
  }
}