{
  "model": "trial_41",
  "dataset": "ag-news",
  "timestamp": "2026-01-29 23:51:49",
  "overall_accuracy": 0.8373684210526315,
  "metrics": {
    "accuracy": 0.8373684210526315,
    "f1_macro": 0.8381301345692653,
    "precision_macro": 0.850192156717255,
    "recall_macro": 0.8373684210526315,
    "confusion_matrix": [
      [
        1706,
        18,
        89,
        87
      ],
      [
        232,
        1433,
        162,
        73
      ],
      [
        86,
        0,
        1678,
        136
      ],
      [
        54,
        1,
        298,
        1547
      ]
    ]
  },
  "per_class_stats": {
    "0": {
      "accuracy": 0.8978947368421053,
      "precision": 0.8209817131857555,
      "recall": 0.8978947368421053,
      "f1": 0.85771744595274,
      "mean_confidence": 0.782461070549729
    },
    "1": {
      "accuracy": 0.7542105263157894,
      "precision": 0.9869146005509641,
      "recall": 0.7542105263157894,
      "f1": 0.8550119331742243,
      "mean_confidence": 0.6801787209453333
    },
    "2": {
      "accuracy": 0.8831578947368421,
      "precision": 0.753480017961383,
      "recall": 0.8831578947368421,
      "f1": 0.8131814877635086,
      "mean_confidence": 0.7500310492156919
    },
    "3": {
      "accuracy": 0.8142105263157895,
      "precision": 0.839392295170917,
      "recall": 0.8142105263157895,
      "f1": 0.8266096713865883,
      "mean_confidence": 0.7167023067815887
    }
  }
}