{
  "model": "trial_22",
  "dataset": "mnli",
  "timestamp": "2026-01-29 22:55:58",
  "overall_accuracy": 0.6994396332144677,
  "metrics": {
    "accuracy": 0.6994396332144677,
    "f1_macro": 0.6930612040610913,
    "precision_macro": 0.7499321353269561,
    "recall_macro": 0.6992812870812403,
    "confusion_matrix": [
      [
        2639,
        820,
        20
      ],
      [
        326,
        2677,
        120
      ],
      [
        535,
        1129,
        1549
      ]
    ]
  },
  "per_class_stats": {
    "0": {
      "accuracy": 0.7585513078470825,
      "precision": 0.754,
      "recall": 0.7585513078470825,
      "f1": 0.7562688064192578,
      "mean_confidence": 0.7748219021218163
    },
    "1": {
      "accuracy": 0.8571886007044508,
      "precision": 0.5786856895806313,
      "recall": 0.8571886007044508,
      "f1": 0.690927861659569,
      "mean_confidence": 0.7648728565573435
    },
    "2": {
      "accuracy": 0.482103952692188,
      "precision": 0.9171107164002368,
      "recall": 0.482103952692188,
      "f1": 0.6319869441044471,
      "mean_confidence": 0.8264266236990143
    }
  }
}