{
  "model": "trial_73",
  "dataset": "mnli",
  "timestamp": "2026-01-30 01:26:59",
  "overall_accuracy": 0.6649006622516557,
  "metrics": {
    "accuracy": 0.6649006622516557,
    "f1_macro": 0.6518418184678197,
    "precision_macro": 0.7313208022210405,
    "recall_macro": 0.6649152575180576,
    "confusion_matrix": [
      [
        2549,
        913,
        17
      ],
      [
        313,
        2707,
        103
      ],
      [
        614,
        1329,
        1270
      ]
    ]
  },
  "per_class_stats": {
    "0": {
      "accuracy": 0.7326818051164128,
      "precision": 0.7333141542002302,
      "recall": 0.7326818051164128,
      "f1": 0.7329978432782172,
      "mean_confidence": 0.7278652285301781
    },
    "1": {
      "accuracy": 0.8667947486391291,
      "precision": 0.5469791877146898,
      "recall": 0.8667947486391291,
      "f1": 0.6707135777998018,
      "mean_confidence": 0.7346293974956085
    },
    "2": {
      "accuracy": 0.3952692187986306,
      "precision": 0.9136690647482014,
      "recall": 0.3952692187986306,
      "f1": 0.55181403432544,
      "mean_confidence": 0.7976024542137873
    }
  }
}