{
  "model": "trial_17",
  "dataset": "mnli",
  "timestamp": "2026-01-29 22:40:45",
  "overall_accuracy": 0.7056546102903719,
  "metrics": {
    "accuracy": 0.7056546102903719,
    "f1_macro": 0.6993176053487306,
    "precision_macro": 0.7523393226447973,
    "recall_macro": 0.705101717204736,
    "confusion_matrix": [
      [
        2694,
        764,
        21
      ],
      [
        349,
        2653,
        121
      ],
      [
        546,
        1088,
        1579
      ]
    ]
  },
  "per_class_stats": {
    "0": {
      "accuracy": 0.774360448404714,
      "precision": 0.7506269155753692,
      "recall": 0.774360448404714,
      "f1": 0.7623089983022071,
      "mean_confidence": 0.7841731664213705
    },
    "1": {
      "accuracy": 0.8495036823567083,
      "precision": 0.5889012208657047,
      "recall": 0.8495036823567083,
      "f1": 0.6955951756685894,
      "mean_confidence": 0.7702709559264379
    },
    "2": {
      "accuracy": 0.49144102085278557,
      "precision": 0.9174898314933179,
      "recall": 0.49144102085278557,
      "f1": 0.6400486420753952,
      "mean_confidence": 0.8304467108934027
    }
  }
}