{
  "model": "trial_17",
  "dataset": "ag-news",
  "timestamp": "2026-01-29 22:40:45",
  "overall_accuracy": 0.8317105263157895,
  "metrics": {
    "accuracy": 0.8317105263157895,
    "f1_macro": 0.8320778804194422,
    "precision_macro": 0.8466155682384521,
    "recall_macro": 0.8317105263157895,
    "confusion_matrix": [
      [
        1688,
        12,
        88,
        112
      ],
      [
        203,
        1365,
        215,
        117
      ],
      [
        60,
        0,
        1684,
        156
      ],
      [
        45,
        2,
        269,
        1584
      ]
    ]
  },
  "per_class_stats": {
    "0": {
      "accuracy": 0.888421052631579,
      "precision": 0.845691382765531,
      "recall": 0.888421052631579,
      "f1": 0.86652977412731,
      "mean_confidence": 0.7511119632300489
    },
    "1": {
      "accuracy": 0.718421052631579,
      "precision": 0.9898477157360406,
      "recall": 0.718421052631579,
      "f1": 0.8325709057639524,
      "mean_confidence": 0.6212743039879789
    },
    "2": {
      "accuracy": 0.8863157894736842,
      "precision": 0.7464539007092199,
      "recall": 0.8863157894736842,
      "f1": 0.8103946102021174,
      "mean_confidence": 0.711369464702323
    },
    "3": {
      "accuracy": 0.8336842105263158,
      "precision": 0.8044692737430168,
      "recall": 0.8336842105263158,
      "f1": 0.8188162315843888,
      "mean_confidence": 0.7030726957436199
    }
  }
}