{
  "model": "trial_17",
  "dataset": "sst2",
  "timestamp": "2026-01-29 22:40:45",
  "overall_accuracy": 0.7327981651376146,
  "metrics": {
    "accuracy": 0.7327981651376146,
    "f1_macro": 0.7110952801441282,
    "precision_macro": 0.8168903353201449,
    "recall_macro": 0.7280142291824535,
    "confusion_matrix": [
      [
        200,
        228
      ],
      [
        5,
        439
      ]
    ]
  },
  "per_class_stats": {
    "0": {
      "accuracy": 0.4672897196261682,
      "precision": 0.975609756097561,
      "recall": 0.4672897196261682,
      "f1": 0.631911532385466,
      "mean_confidence": 0.6188240685114046
    },
    "1": {
      "accuracy": 0.9887387387387387,
      "precision": 0.6581709145427287,
      "recall": 0.9887387387387387,
      "f1": 0.7902790279027903,
      "mean_confidence": 0.7556661661418302
    }
  }
}