{
  "model": "trial_17",
  "dataset": "ag-news",
  "timestamp": "2026-02-02 22:22:37",
  "overall_accuracy": 0.8457894736842105,
  "metrics": {
    "accuracy": 0.8457894736842105,
    "f1_macro": 0.8473866392352118,
    "precision_macro": 0.8533323910743139,
    "recall_macro": 0.8457894736842104,
    "confusion_matrix": [
      [
        1634,
        32,
        84,
        150
      ],
      [
        139,
        1571,
        70,
        120
      ],
      [
        75,
        4,
        1622,
        199
      ],
      [
        40,
        1,
        258,
        1601
      ]
    ]
  },
  "per_class_stats": {
    "0": {
      "accuracy": 0.86,
      "precision": 0.8654661016949152,
      "recall": 0.86,
      "f1": 0.8627243928194298,
      "mean_confidence": 0.7988126915011365
    },
    "1": {
      "accuracy": 0.8268421052631579,
      "precision": 0.9769900497512438,
      "recall": 0.8268421052631579,
      "f1": 0.8956670467502851,
      "mean_confidence": 0.737142888152629
    },
    "2": {
      "accuracy": 0.8536842105263158,
      "precision": 0.7974434611602753,
      "recall": 0.8536842105263158,
      "f1": 0.8246059989832232,
      "mean_confidence": 0.7726632698037045
    },
    "3": {
      "accuracy": 0.8426315789473684,
      "precision": 0.7734299516908213,
      "recall": 0.8426315789473684,
      "f1": 0.8065491183879093,
      "mean_confidence": 0.7418487282046949
    }
  }
}