{
  "model": "trial_17",
  "dataset": "mnli",
  "timestamp": "2026-02-02 22:22:37",
  "overall_accuracy": 0.3238920020376974,
  "metrics": {
    "accuracy": 0.3238920020376974,
    "f1_macro": 0.1829842845608168,
    "precision_macro": 0.45837269609741815,
    "recall_macro": 0.3389081525162519,
    "confusion_matrix": [
      [
        7,
        3463,
        9
      ],
      [
        2,
        3063,
        58
      ],
      [
        7,
        3097,
        109
      ]
    ]
  },
  "per_class_stats": {
    "0": {
      "accuracy": 0.002012072434607646,
      "precision": 0.4375,
      "recall": 0.002012072434607646,
      "f1": 0.004005722460658083,
      "mean_confidence": 0.5212943777441978
    },
    "1": {
      "accuracy": 0.9807877041306436,
      "precision": 0.3182999064740725,
      "recall": 0.9807877041306436,
      "f1": 0.48062137141063865,
      "mean_confidence": 0.7011304401247612
    },
    "2": {
      "accuracy": 0.03392468098350451,
      "precision": 0.6193181818181818,
      "recall": 0.03392468098350451,
      "f1": 0.06432575981115374,
      "mean_confidence": 0.7802764300934293
    }
  }
}