{
  "model": "trial_7",
  "dataset": "sst2",
  "timestamp": "2026-02-02 21:50:39",
  "overall_accuracy": 0.6559633027522935,
  "metrics": {
    "accuracy": 0.6559633027522935,
    "f1_macro": 0.6090737918048955,
    "precision_macro": 0.774667181169207,
    "recall_macro": 0.649827397490949,
    "confusion_matrix": [
      [
        135,
        293
      ],
      [
        7,
        437
      ]
    ]
  },
  "per_class_stats": {
    "0": {
      "accuracy": 0.31542056074766356,
      "precision": 0.9507042253521126,
      "recall": 0.31542056074766356,
      "f1": 0.47368421052631576,
      "mean_confidence": 0.5634216397580966
    },
    "1": {
      "accuracy": 0.9842342342342343,
      "precision": 0.5986301369863014,
      "recall": 0.9842342342342343,
      "f1": 0.7444633730834753,
      "mean_confidence": 0.6519118474770899
    }
  }
}