{
  "model": "trial_7",
  "dataset": "mnli",
  "timestamp": "2026-02-02 21:50:39",
  "overall_accuracy": 0.32694854814060115,
  "metrics": {
    "accuracy": 0.32694854814060115,
    "f1_macro": 0.18819752483708926,
    "precision_macro": 0.49974850368324125,
    "recall_macro": 0.34195912493431124,
    "confusion_matrix": [
      [
        17,
        3455,
        7
      ],
      [
        3,
        3069,
        51
      ],
      [
        14,
        3076,
        123
      ]
    ]
  },
  "per_class_stats": {
    "0": {
      "accuracy": 0.004886461626904283,
      "precision": 0.5,
      "recall": 0.004886461626904283,
      "f1": 0.009678337603188158,
      "mean_confidence": 0.5245843617355123
    },
    "1": {
      "accuracy": 0.9827089337175793,
      "precision": 0.3196875,
      "recall": 0.9827089337175793,
      "f1": 0.4824333883518038,
      "mean_confidence": 0.7020717698987573
    },
    "2": {
      "accuracy": 0.03828197945845005,
      "precision": 0.6795580110497238,
      "recall": 0.03828197945845005,
      "f1": 0.07248084855627578,
      "mean_confidence": 0.7812568011863456
    }
  }
}