{
  "model": "trial_7",
  "dataset": "ag-news",
  "timestamp": "2026-02-02 21:50:39",
  "overall_accuracy": 0.7451315789473684,
  "metrics": {
    "accuracy": 0.7451315789473684,
    "f1_macro": 0.7459359841280153,
    "precision_macro": 0.7845135089607104,
    "recall_macro": 0.7451315789473685,
    "confusion_matrix": [
      [
        1420,
        23,
        104,
        353
      ],
      [
        236,
        1085,
        145,
        434
      ],
      [
        60,
        6,
        1554,
        280
      ],
      [
        28,
        2,
        266,
        1604
      ]
    ]
  },
  "per_class_stats": {
    "0": {
      "accuracy": 0.7473684210526316,
      "precision": 0.8142201834862385,
      "recall": 0.7473684210526316,
      "f1": 0.7793633369923162,
      "mean_confidence": 0.6796299732127867
    },
    "1": {
      "accuracy": 0.5710526315789474,
      "precision": 0.9722222222222222,
      "recall": 0.5710526315789474,
      "f1": 0.7194960212201591,
      "mean_confidence": 0.6062904584845762
    },
    "2": {
      "accuracy": 0.8178947368421052,
      "precision": 0.751087481875302,
      "recall": 0.8178947368421052,
      "f1": 0.783068783068783,
      "mean_confidence": 0.6745254540858262
    },
    "3": {
      "accuracy": 0.8442105263157895,
      "precision": 0.600524148259079,
      "recall": 0.8442105263157895,
      "f1": 0.7018157952308028,
      "mean_confidence": 0.6538210611850391
    }
  }
}