{
  "model": "trial_11",
  "dataset": "sst2",
  "timestamp": "2026-02-02 22:02:48",
  "overall_accuracy": 0.7408256880733946,
  "metrics": {
    "accuracy": 0.7408256880733946,
    "f1_macro": 0.7242159118261151,
    "precision_macro": 0.8044561831233916,
    "recall_macro": 0.736570682832365,
    "confusion_matrix": [
      [
        216,
        212
      ],
      [
        14,
        430
      ]
    ]
  },
  "per_class_stats": {
    "0": {
      "accuracy": 0.5046728971962616,
      "precision": 0.9391304347826087,
      "recall": 0.5046728971962616,
      "f1": 0.6565349544072948,
      "mean_confidence": 0.5958384420560754
    },
    "1": {
      "accuracy": 0.9684684684684685,
      "precision": 0.6697819314641744,
      "recall": 0.9684684684684685,
      "f1": 0.7918968692449355,
      "mean_confidence": 0.6938723328514634
    }
  }
}