{
  "model": "trial_11",
  "dataset": "ag-news",
  "timestamp": "2026-02-02 22:02:48",
  "overall_accuracy": 0.7536842105263157,
  "metrics": {
    "accuracy": 0.7536842105263157,
    "f1_macro": 0.7560110144592348,
    "precision_macro": 0.7913432110021594,
    "recall_macro": 0.7536842105263157,
    "confusion_matrix": [
      [
        1438,
        24,
        91,
        347
      ],
      [
        217,
        1148,
        111,
        424
      ],
      [
        66,
        6,
        1529,
        299
      ],
      [
        28,
        2,
        257,
        1613
      ]
    ]
  },
  "per_class_stats": {
    "0": {
      "accuracy": 0.7568421052631579,
      "precision": 0.8221841052029731,
      "recall": 0.7568421052631579,
      "f1": 0.7881611400383667,
      "mean_confidence": 0.7017625535706781
    },
    "1": {
      "accuracy": 0.6042105263157894,
      "precision": 0.9728813559322034,
      "recall": 0.6042105263157894,
      "f1": 0.7454545454545455,
      "mean_confidence": 0.6375554898785333
    },
    "2": {
      "accuracy": 0.8047368421052632,
      "precision": 0.7691146881287726,
      "recall": 0.8047368421052632,
      "f1": 0.786522633744856,
      "mean_confidence": 0.7033751322709818
    },
    "3": {
      "accuracy": 0.8489473684210527,
      "precision": 0.6011926947446887,
      "recall": 0.8489473684210527,
      "f1": 0.7039057385991708,
      "mean_confidence": 0.6723234656583095
    }
  }
}