{
  "model": "trial_1",
  "dataset": "mnli",
  "timestamp": "2026-01-29 21:52:21",
  "overall_accuracy": 0.7397860417727967,
  "metrics": {
    "accuracy": 0.7397860417727967,
    "f1_macro": 0.7360360485500648,
    "precision_macro": 0.7735230794119755,
    "recall_macro": 0.7390394617616228,
    "confusion_matrix": [
      [
        2800,
        654,
        25
      ],
      [
        328,
        2661,
        134
      ],
      [
        491,
        922,
        1800
      ]
    ]
  },
  "per_class_stats": {
    "0": {
      "accuracy": 0.8048289738430584,
      "precision": 0.7736943907156673,
      "recall": 0.8048289738430584,
      "f1": 0.7889546351084813,
      "mean_confidence": 0.8066826458463487
    },
    "1": {
      "accuracy": 0.8520653218059558,
      "precision": 0.628038706632051,
      "recall": 0.8520653218059558,
      "f1": 0.7230978260869565,
      "mean_confidence": 0.7807255868701292
    },
    "2": {
      "accuracy": 0.5602240896358543,
      "precision": 0.9188361408882083,
      "recall": 0.5602240896358543,
      "f1": 0.6960556844547564,
      "mean_confidence": 0.8428020527041524
    }
  }
}