{
  "model": "trial_1",
  "dataset": "ag-news",
  "timestamp": "2026-01-29 21:52:21",
  "overall_accuracy": 0.8131578947368421,
  "metrics": {
    "accuracy": 0.8131578947368421,
    "f1_macro": 0.8131301924625288,
    "precision_macro": 0.8312343078672896,
    "recall_macro": 0.8131578947368421,
    "confusion_matrix": [
      [
        1676,
        16,
        95,
        113
      ],
      [
        279,
        1300,
        225,
        96
      ],
      [
        86,
        0,
        1662,
        152
      ],
      [
        51,
        1,
        306,
        1542
      ]
    ]
  },
  "per_class_stats": {
    "0": {
      "accuracy": 0.8821052631578947,
      "precision": 0.8011472275334608,
      "recall": 0.8821052631578947,
      "f1": 0.8396793587174348,
      "mean_confidence": 0.7344904087953996
    },
    "1": {
      "accuracy": 0.6842105263157895,
      "precision": 0.9870918754745635,
      "recall": 0.6842105263157895,
      "f1": 0.8082064034815045,
      "mean_confidence": 0.6156613278452339
    },
    "2": {
      "accuracy": 0.8747368421052631,
      "precision": 0.7263986013986014,
      "recall": 0.8747368421052631,
      "f1": 0.7936962750716332,
      "mean_confidence": 0.6979527241856485
    },
    "3": {
      "accuracy": 0.8115789473684211,
      "precision": 0.8102995270625328,
      "recall": 0.8115789473684211,
      "f1": 0.8109387325795425,
      "mean_confidence": 0.681435633914695
    }
  }
}