{
  "model": "trial_62",
  "dataset": "mnli",
  "timestamp": "2026-01-30 00:53:48",
  "overall_accuracy": 0.6841569026999491,
  "metrics": {
    "accuracy": 0.6841569026999491,
    "f1_macro": 0.6744203436793268,
    "precision_macro": 0.7398447744804576,
    "recall_macro": 0.6837382395302442,
    "confusion_matrix": [
      [
        2634,
        826,
        19
      ],
      [
        336,
        2670,
        117
      ],
      [
        585,
        1217,
        1411
      ]
    ]
  },
  "per_class_stats": {
    "0": {
      "accuracy": 0.7571141132509341,
      "precision": 0.7409282700421941,
      "recall": 0.7571141132509341,
      "f1": 0.7489337503554165,
      "mean_confidence": 0.7522536470836393
    },
    "1": {
      "accuracy": 0.8549471661863592,
      "precision": 0.5665181413112667,
      "recall": 0.8549471661863592,
      "f1": 0.6814701378254211,
      "mean_confidence": 0.7465858960477961
    },
    "2": {
      "accuracy": 0.43915343915343913,
      "precision": 0.9120879120879121,
      "recall": 0.43915343915343913,
      "f1": 0.5928571428571429,
      "mean_confidence": 0.8154384879890225
    }
  }
}