{
  "model": "trial_62",
  "dataset": "ag-news",
  "timestamp": "2026-01-30 00:53:48",
  "overall_accuracy": 0.8461842105263158,
  "metrics": {
    "accuracy": 0.8461842105263158,
    "f1_macro": 0.8471247463144045,
    "precision_macro": 0.8570700796224354,
    "recall_macro": 0.8461842105263159,
    "confusion_matrix": [
      [
        1714,
        18,
        84,
        84
      ],
      [
        204,
        1482,
        147,
        67
      ],
      [
        83,
        0,
        1678,
        139
      ],
      [
        52,
        1,
        290,
        1557
      ]
    ]
  },
  "per_class_stats": {
    "0": {
      "accuracy": 0.9021052631578947,
      "precision": 0.8348757915245981,
      "recall": 0.9021052631578947,
      "f1": 0.8671894763470782,
      "mean_confidence": 0.7992845814633358
    },
    "1": {
      "accuracy": 0.78,
      "precision": 0.9873417721518988,
      "recall": 0.78,
      "f1": 0.8715083798882681,
      "mean_confidence": 0.6981350603618278
    },
    "2": {
      "accuracy": 0.8831578947368421,
      "precision": 0.7630741246020919,
      "recall": 0.8831578947368421,
      "f1": 0.818736277140766,
      "mean_confidence": 0.7651566103026237
    },
    "3": {
      "accuracy": 0.8194736842105264,
      "precision": 0.8429886302111532,
      "recall": 0.8194736842105264,
      "f1": 0.8310648518815053,
      "mean_confidence": 0.7312350384951541
    }
  }
}