{
  "model": "trial_16",
  "dataset": "sst2",
  "timestamp": "2026-01-30 03:25:55",
  "overall_accuracy": 0.6674311926605505,
  "metrics": {
    "accuracy": 0.6674311926605505,
    "f1_macro": 0.6247781727967143,
    "precision_macro": 0.7833240997229917,
    "recall_macro": 0.6614675423086638,
    "confusion_matrix": [
      [
        144,
        284
      ],
      [
        6,
        438
      ]
    ]
  },
  "per_class_stats": {
    "0": {
      "accuracy": 0.3364485981308411,
      "precision": 0.96,
      "recall": 0.3364485981308411,
      "f1": 0.4982698961937716,
      "mean_confidence": 0.6314568813641867
    },
    "1": {
      "accuracy": 0.9864864864864865,
      "precision": 0.6066481994459834,
      "recall": 0.9864864864864865,
      "f1": 0.7512864493996569,
      "mean_confidence": 0.8080732692807004
    }
  }
}