{
  "model": "trial_16",
  "dataset": "mnli",
  "timestamp": "2026-01-30 03:25:55",
  "overall_accuracy": 0.6726439123790117,
  "metrics": {
    "accuracy": 0.6726439123790117,
    "f1_macro": 0.6751229153905521,
    "precision_macro": 0.7022725078483614,
    "recall_macro": 0.6762487195392589,
    "confusion_matrix": [
      [
        2023,
        1189,
        267
      ],
      [
        285,
        2465,
        373
      ],
      [
        245,
        854,
        2114
      ]
    ]
  },
  "per_class_stats": {
    "0": {
      "accuracy": 0.5814889336016097,
      "precision": 0.7924010967489228,
      "recall": 0.5814889336016097,
      "f1": 0.6707559681697612,
      "mean_confidence": 0.7117787006668983
    },
    "1": {
      "accuracy": 0.7893051552993916,
      "precision": 0.5468056787932565,
      "recall": 0.7893051552993916,
      "f1": 0.6460490106145983,
      "mean_confidence": 0.7341815381779434
    },
    "2": {
      "accuracy": 0.6579520697167756,
      "precision": 0.7676107480029049,
      "recall": 0.6579520697167756,
      "f1": 0.7085637673872968,
      "mean_confidence": 0.79819141934337
    }
  }
}