{
  "model": "trial_16",
  "dataset": "ag-news",
  "timestamp": "2026-01-30 03:25:55",
  "overall_accuracy": 0.9414473684210526,
  "metrics": {
    "accuracy": 0.9414473684210526,
    "f1_macro": 0.9413680793740877,
    "precision_macro": 0.9416382882941143,
    "recall_macro": 0.9414473684210526,
    "confusion_matrix": [
      [
        1843,
        7,
        31,
        19
      ],
      [
        19,
        1861,
        14,
        6
      ],
      [
        56,
        6,
        1741,
        97
      ],
      [
        57,
        6,
        127,
        1710
      ]
    ]
  },
  "per_class_stats": {
    "0": {
      "accuracy": 0.97,
      "precision": 0.9331645569620253,
      "recall": 0.97,
      "f1": 0.9512258064516129,
      "mean_confidence": 0.9751554299909857
    },
    "1": {
      "accuracy": 0.9794736842105263,
      "precision": 0.9898936170212767,
      "recall": 0.9794736842105263,
      "f1": 0.9846560846560847,
      "mean_confidence": 0.9914163794923336
    },
    "2": {
      "accuracy": 0.9163157894736842,
      "precision": 0.9100888656560376,
      "recall": 0.9163157894736842,
      "f1": 0.9131917125622869,
      "mean_confidence": 0.9502533426069179
    },
    "3": {
      "accuracy": 0.9,
      "precision": 0.9334061135371179,
      "recall": 0.9,
      "f1": 0.9163987138263665,
      "mean_confidence": 0.9402451809804773
    }
  }
}