{
  "model": "trial_46",
  "dataset": "ag-news",
  "timestamp": "2026-01-30 00:06:35",
  "overall_accuracy": 0.8528947368421053,
  "metrics": {
    "accuracy": 0.8528947368421053,
    "f1_macro": 0.853865407832437,
    "precision_macro": 0.8630567277354828,
    "recall_macro": 0.8528947368421053,
    "confusion_matrix": [
      [
        1724,
        18,
        81,
        77
      ],
      [
        193,
        1517,
        137,
        53
      ],
      [
        81,
        1,
        1693,
        125
      ],
      [
        58,
        1,
        293,
        1548
      ]
    ]
  },
  "per_class_stats": {
    "0": {
      "accuracy": 0.9073684210526316,
      "precision": 0.8385214007782101,
      "recall": 0.9073684210526316,
      "f1": 0.871587462082912,
      "mean_confidence": 0.8115445089160468
    },
    "1": {
      "accuracy": 0.7984210526315789,
      "precision": 0.9869876382563435,
      "recall": 0.7984210526315789,
      "f1": 0.8827465813209194,
      "mean_confidence": 0.7209470096197544
    },
    "2": {
      "accuracy": 0.8910526315789473,
      "precision": 0.7681488203266787,
      "recall": 0.8910526315789473,
      "f1": 0.8250487329434698,
      "mean_confidence": 0.7760086122312044
    },
    "3": {
      "accuracy": 0.8147368421052632,
      "precision": 0.8585690515806988,
      "recall": 0.8147368421052632,
      "f1": 0.8360788549824467,
      "mean_confidence": 0.7445971075687154
    }
  }
}