{
  "model": "trial_95",
  "dataset": "ag-news",
  "timestamp": "2026-02-01 10:36:18",
  "overall_accuracy": 0.873421052631579,
  "metrics": {
    "accuracy": 0.873421052631579,
    "f1_macro": 0.8739281420281902,
    "precision_macro": 0.877917086491336,
    "recall_macro": 0.873421052631579,
    "confusion_matrix": [
      [
        1751,
        39,
        66,
        44
      ],
      [
        147,
        1726,
        18,
        9
      ],
      [
        137,
        6,
        1636,
        121
      ],
      [
        78,
        2,
        295,
        1525
      ]
    ]
  },
  "per_class_stats": {
    "0": {
      "accuracy": 0.921578947368421,
      "precision": 0.828679602460956,
      "recall": 0.921578947368421,
      "f1": 0.8726638425118365,
      "mean_confidence": 0.8913534231311159
    },
    "1": {
      "accuracy": 0.9084210526315789,
      "precision": 0.9734912577552172,
      "recall": 0.9084210526315789,
      "f1": 0.9398312006534169,
      "mean_confidence": 0.8377802356010229
    },
    "2": {
      "accuracy": 0.8610526315789474,
      "precision": 0.8119106699751861,
      "recall": 0.8610526315789474,
      "f1": 0.8357598978288634,
      "mean_confidence": 0.8404284648208997
    },
    "3": {
      "accuracy": 0.8026315789473685,
      "precision": 0.8975868157739847,
      "recall": 0.8026315789473685,
      "f1": 0.847457627118644,
      "mean_confidence": 0.8169531528742051
    }
  }
}