{
  "model": "trial_95",
  "dataset": "sst2",
  "timestamp": "2026-02-01 10:36:18",
  "overall_accuracy": 0.805045871559633,
  "metrics": {
    "accuracy": 0.805045871559633,
    "f1_macro": 0.7977151528052967,
    "precision_macro": 0.847334253809074,
    "recall_macro": 0.8018228508882714,
    "confusion_matrix": [
      [
        268,
        160
      ],
      [
        10,
        434
      ]
    ]
  },
  "per_class_stats": {
    "0": {
      "accuracy": 0.6261682242990654,
      "precision": 0.9640287769784173,
      "recall": 0.6261682242990654,
      "f1": 0.7592067988668555,
      "mean_confidence": 0.7661637976872835
    },
    "1": {
      "accuracy": 0.9774774774774775,
      "precision": 0.7306397306397306,
      "recall": 0.9774774774774775,
      "f1": 0.8362235067437379,
      "mean_confidence": 0.8855776410512249
    }
  }
}