{
  "model": "trial_95",
  "dataset": "mnli",
  "timestamp": "2026-02-01 10:36:18",
  "overall_accuracy": 0.5758532857870606,
  "metrics": {
    "accuracy": 0.5758532857870606,
    "f1_macro": 0.5666244574056418,
    "precision_macro": 0.6705114569892503,
    "recall_macro": 0.5803537941358935,
    "confusion_matrix": [
      [
        1780,
        1654,
        45
      ],
      [
        236,
        2711,
        176
      ],
      [
        472,
        1580,
        1161
      ]
    ]
  },
  "per_class_stats": {
    "0": {
      "accuracy": 0.5116412762288014,
      "precision": 0.7154340836012861,
      "recall": 0.5116412762288014,
      "f1": 0.596614714261773,
      "mean_confidence": 0.6445988660312926
    },
    "1": {
      "accuracy": 0.8680755683637528,
      "precision": 0.456013456686291,
      "recall": 0.8680755683637528,
      "f1": 0.5979267754741949,
      "mean_confidence": 0.6907660649191741
    },
    "2": {
      "accuracy": 0.36134453781512604,
      "precision": 0.8400868306801736,
      "recall": 0.36134453781512604,
      "f1": 0.5053318824809576,
      "mean_confidence": 0.799296772126351
    }
  }
}