{
  "model": "trial_31",
  "dataset": "sst2",
  "timestamp": "2026-01-29 23:22:32",
  "overall_accuracy": 0.7545871559633027,
  "metrics": {
    "accuracy": 0.7545871559633027,
    "f1_macro": 0.7385446556671449,
    "precision_macro": 0.8239348370927319,
    "recall_macro": 0.7502946872105751,
    "confusion_matrix": [
      [
        221,
        207
      ],
      [
        7,
        437
      ]
    ]
  },
  "per_class_stats": {
    "0": {
      "accuracy": 0.5163551401869159,
      "precision": 0.9692982456140351,
      "recall": 0.5163551401869159,
      "f1": 0.6737804878048781,
      "mean_confidence": 0.6379256102076748
    },
    "1": {
      "accuracy": 0.9842342342342343,
      "precision": 0.6785714285714286,
      "recall": 0.9842342342342343,
      "f1": 0.8033088235294118,
      "mean_confidence": 0.7692510272775378
    }
  }
}