{
  "model": "trial_52",
  "dataset": "mnli",
  "timestamp": "2026-01-30 05:14:13",
  "overall_accuracy": 0.7218543046357616,
  "metrics": {
    "accuracy": 0.7218543046357616,
    "f1_macro": 0.7203391333756013,
    "precision_macro": 0.7448707284684999,
    "recall_macro": 0.725903449192497,
    "confusion_matrix": [
      [
        2029,
        904,
        546
      ],
      [
        149,
        2329,
        645
      ],
      [
        80,
        406,
        2727
      ]
    ]
  },
  "per_class_stats": {
    "0": {
      "accuracy": 0.5832135671169877,
      "precision": 0.8985828166519043,
      "recall": 0.5832135671169877,
      "f1": 0.7073383301377026,
      "mean_confidence": 0.7392813570474079
    },
    "1": {
      "accuracy": 0.7457572846621838,
      "precision": 0.6400109920307777,
      "recall": 0.7457572846621838,
      "f1": 0.6888494528246081,
      "mean_confidence": 0.7736241706258224
    },
    "2": {
      "accuracy": 0.8487394957983193,
      "precision": 0.6960183767228177,
      "recall": 0.8487394957983193,
      "f1": 0.764829617164493,
      "mean_confidence": 0.8603506605195537
    }
  }
}