{
  "model": "trial_52",
  "dataset": "sst2",
  "timestamp": "2026-01-30 05:14:13",
  "overall_accuracy": 0.8027522935779816,
  "metrics": {
    "accuracy": 0.8027522935779816,
    "f1_macro": 0.7953353310735944,
    "precision_macro": 0.844693941816244,
    "recall_macro": 0.7995285004630799,
    "confusion_matrix": [
      [
        267,
        161
      ],
      [
        11,
        433
      ]
    ]
  },
  "per_class_stats": {
    "0": {
      "accuracy": 0.6238317757009346,
      "precision": 0.960431654676259,
      "recall": 0.6238317757009346,
      "f1": 0.7563739376770539,
      "mean_confidence": 0.862361631161875
    },
    "1": {
      "accuracy": 0.9752252252252253,
      "precision": 0.7289562289562289,
      "recall": 0.9752252252252253,
      "f1": 0.8342967244701349,
      "mean_confidence": 0.9359452957256074
    }
  }
}