{
  "model": "trial_52",
  "dataset": "ag-news",
  "timestamp": "2026-01-30 05:14:13",
  "overall_accuracy": 0.9153947368421053,
  "metrics": {
    "accuracy": 0.9153947368421053,
    "f1_macro": 0.9152355533170367,
    "precision_macro": 0.9183671525687812,
    "recall_macro": 0.9153947368421052,
    "confusion_matrix": [
      [
        1847,
        11,
        26,
        16
      ],
      [
        49,
        1833,
        13,
        5
      ],
      [
        123,
        9,
        1681,
        87
      ],
      [
        143,
        6,
        155,
        1596
      ]
    ]
  },
  "per_class_stats": {
    "0": {
      "accuracy": 0.9721052631578947,
      "precision": 0.8543015726179464,
      "recall": 0.9721052631578947,
      "f1": 0.9094042343673068,
      "mean_confidence": 0.9568924770158932
    },
    "1": {
      "accuracy": 0.9647368421052631,
      "precision": 0.986013986013986,
      "recall": 0.9647368421052631,
      "f1": 0.9752593774940144,
      "mean_confidence": 0.972874382672097
    },
    "2": {
      "accuracy": 0.8847368421052632,
      "precision": 0.8965333333333333,
      "recall": 0.8847368421052632,
      "f1": 0.8905960264900662,
      "mean_confidence": 0.9337125577926636
    },
    "3": {
      "accuracy": 0.84,
      "precision": 0.9366197183098591,
      "recall": 0.84,
      "f1": 0.8856825749167592,
      "mean_confidence": 0.9200871511419334
    }
  }
}