{
  "model": "trial_63",
  "dataset": "ag-news",
  "timestamp": "2026-01-30 05:46:11",
  "overall_accuracy": 0.9225,
  "metrics": {
    "accuracy": 0.9225,
    "f1_macro": 0.9224322847365797,
    "precision_macro": 0.9244476356777117,
    "recall_macro": 0.9225,
    "confusion_matrix": [
      [
        1844,
        10,
        28,
        18
      ],
      [
        49,
        1831,
        13,
        7
      ],
      [
        101,
        4,
        1702,
        93
      ],
      [
        115,
        4,
        147,
        1634
      ]
    ]
  },
  "per_class_stats": {
    "0": {
      "accuracy": 0.9705263157894737,
      "precision": 0.8743480322427691,
      "recall": 0.9705263157894737,
      "f1": 0.9199301571464206,
      "mean_confidence": 0.9569736619649085
    },
    "1": {
      "accuracy": 0.9636842105263158,
      "precision": 0.9902650081124933,
      "recall": 0.9636842105263158,
      "f1": 0.9767938116831155,
      "mean_confidence": 0.974069860044075
    },
    "2": {
      "accuracy": 0.8957894736842106,
      "precision": 0.9005291005291005,
      "recall": 0.8957894736842106,
      "f1": 0.8981530343007915,
      "mean_confidence": 0.9328022882578865
    },
    "3": {
      "accuracy": 0.86,
      "precision": 0.932648401826484,
      "recall": 0.86,
      "f1": 0.8948521358159912,
      "mean_confidence": 0.9147048377555255
    }
  }
}