{
  "model": "trial_63",
  "dataset": "sst2",
  "timestamp": "2026-01-30 05:46:11",
  "overall_accuracy": 0.7717889908256881,
  "metrics": {
    "accuracy": 0.7717889908256881,
    "f1_macro": 0.7605397267419476,
    "precision_macro": 0.8237804684272412,
    "recall_macro": 0.7680706407341922,
    "confusion_matrix": [
      [
        242,
        186
      ],
      [
        13,
        431
      ]
    ]
  },
  "per_class_stats": {
    "0": {
      "accuracy": 0.5654205607476636,
      "precision": 0.9490196078431372,
      "recall": 0.5654205607476636,
      "f1": 0.7086383601756955,
      "mean_confidence": 0.7384777550603829
    },
    "1": {
      "accuracy": 0.9707207207207207,
      "precision": 0.6985413290113452,
      "recall": 0.9707207207207207,
      "f1": 0.8124410933081998,
      "mean_confidence": 0.9005225217709472
    }
  }
}