{
  "model": "trial_65",
  "dataset": "mnli",
  "timestamp": "2026-01-30 05:52:21",
  "overall_accuracy": 0.7440652063168619,
  "metrics": {
    "accuracy": 0.7440652063168619,
    "f1_macro": 0.7449829674638443,
    "precision_macro": 0.7613715715052009,
    "recall_macro": 0.7472946692142752,
    "confusion_matrix": [
      [
        2240,
        918,
        321
      ],
      [
        183,
        2479,
        461
      ],
      [
        115,
        514,
        2584
      ]
    ]
  },
  "per_class_stats": {
    "0": {
      "accuracy": 0.6438631790744467,
      "precision": 0.8825847123719465,
      "recall": 0.6438631790744467,
      "f1": 0.7445570882499585,
      "mean_confidence": 0.7607607482525192
    },
    "1": {
      "accuracy": 0.7937880243355747,
      "precision": 0.6338532344668882,
      "recall": 0.7937880243355747,
      "f1": 0.7048620983793006,
      "mean_confidence": 0.7814076527918857
    },
    "2": {
      "accuracy": 0.8042328042328042,
      "precision": 0.7676767676767676,
      "recall": 0.8042328042328042,
      "f1": 0.7855297157622739,
      "mean_confidence": 0.8600622898435848
    }
  }
}