{
  "model": "trial_65",
  "dataset": "ag-news",
  "timestamp": "2026-01-30 05:52:21",
  "overall_accuracy": 0.9294736842105263,
  "metrics": {
    "accuracy": 0.9294736842105263,
    "f1_macro": 0.929318048530914,
    "precision_macro": 0.9302369087377222,
    "recall_macro": 0.9294736842105262,
    "confusion_matrix": [
      [
        1840,
        9,
        29,
        22
      ],
      [
        32,
        1850,
        12,
        6
      ],
      [
        81,
        6,
        1715,
        98
      ],
      [
        89,
        6,
        146,
        1659
      ]
    ]
  },
  "per_class_stats": {
    "0": {
      "accuracy": 0.968421052631579,
      "precision": 0.901077375122429,
      "recall": 0.968421052631579,
      "f1": 0.9335362760020294,
      "mean_confidence": 0.9663942131951787
    },
    "1": {
      "accuracy": 0.9736842105263158,
      "precision": 0.9887760555852485,
      "recall": 0.9736842105263158,
      "f1": 0.98117210289048,
      "mean_confidence": 0.9820334618579634
    },
    "2": {
      "accuracy": 0.9026315789473685,
      "precision": 0.9016824395373291,
      "recall": 0.9026315789473685,
      "f1": 0.9021567596002105,
      "mean_confidence": 0.9411350929586669
    },
    "3": {
      "accuracy": 0.8731578947368421,
      "precision": 0.9294117647058824,
      "recall": 0.8731578947368421,
      "f1": 0.9004070556309363,
      "mean_confidence": 0.9209744986198863
    }
  }
}