{
  "model": "trial_65",
  "dataset": "sst2",
  "timestamp": "2026-01-30 05:52:21",
  "overall_accuracy": 0.7396788990825688,
  "metrics": {
    "accuracy": 0.7396788990825688,
    "f1_macro": 0.7218102068321943,
    "precision_macro": 0.8089264615448396,
    "recall_macro": 0.7352761640144818,
    "confusion_matrix": [
      [
        212,
        216
      ],
      [
        11,
        433
      ]
    ]
  },
  "per_class_stats": {
    "0": {
      "accuracy": 0.4953271028037383,
      "precision": 0.9506726457399103,
      "recall": 0.4953271028037383,
      "f1": 0.6513056835637481,
      "mean_confidence": 0.7061542946126963
    },
    "1": {
      "accuracy": 0.9752252252252253,
      "precision": 0.6671802773497689,
      "recall": 0.9752252252252253,
      "f1": 0.7923147301006405,
      "mean_confidence": 0.8695614766817431
    }
  }
}