{
  "model": "trial_77",
  "dataset": "mnli",
  "timestamp": "2026-01-30 06:27:53",
  "overall_accuracy": 0.6911869587366276,
  "metrics": {
    "accuracy": 0.6911869587366276,
    "f1_macro": 0.6893865216351203,
    "precision_macro": 0.7120548195055417,
    "recall_macro": 0.6946725545219373,
    "confusion_matrix": [
      [
        1965,
        884,
        630
      ],
      [
        216,
        2158,
        749
      ],
      [
        108,
        444,
        2661
      ]
    ]
  },
  "per_class_stats": {
    "0": {
      "accuracy": 0.5648174762862892,
      "precision": 0.8584534731323722,
      "recall": 0.5648174762862892,
      "f1": 0.6813453536754508,
      "mean_confidence": 0.6937756554145071
    },
    "1": {
      "accuracy": 0.691002241434518,
      "precision": 0.6190476190476191,
      "recall": 0.691002241434518,
      "f1": 0.6530488727492813,
      "mean_confidence": 0.7162913810622056
    },
    "2": {
      "accuracy": 0.8281979458450047,
      "precision": 0.6586633663366337,
      "recall": 0.8281979458450047,
      "f1": 0.7337653384806287,
      "mean_confidence": 0.8359050386465422
    }
  }
}