{
  "model": "trial_77",
  "dataset": "ag-news",
  "timestamp": "2026-01-30 06:27:53",
  "overall_accuracy": 0.92,
  "metrics": {
    "accuracy": 0.92,
    "f1_macro": 0.9198343272948393,
    "precision_macro": 0.9222447822756352,
    "recall_macro": 0.9199999999999999,
    "confusion_matrix": [
      [
        1848,
        9,
        26,
        17
      ],
      [
        44,
        1840,
        12,
        4
      ],
      [
        115,
        8,
        1685,
        92
      ],
      [
        127,
        6,
        148,
        1619
      ]
    ]
  },
  "per_class_stats": {
    "0": {
      "accuracy": 0.9726315789473684,
      "precision": 0.865979381443299,
      "recall": 0.9726315789473684,
      "f1": 0.9162121963311849,
      "mean_confidence": 0.961566131698158
    },
    "1": {
      "accuracy": 0.968421052631579,
      "precision": 0.9876543209876543,
      "recall": 0.968421052631579,
      "f1": 0.9779431304809992,
      "mean_confidence": 0.9793303125786385
    },
    "2": {
      "accuracy": 0.8868421052631579,
      "precision": 0.9005879208979155,
      "recall": 0.8868421052631579,
      "f1": 0.8936621585786264,
      "mean_confidence": 0.9397254679720393
    },
    "3": {
      "accuracy": 0.8521052631578947,
      "precision": 0.934757505773672,
      "recall": 0.8521052631578947,
      "f1": 0.8915198237885462,
      "mean_confidence": 0.9267583291022662
    }
  }
}