{
  "model": "trial_16",
  "dataset": "ag-news",
  "timestamp": "2026-02-01 03:57:26",
  "overall_accuracy": 0.8932894736842105,
  "metrics": {
    "accuracy": 0.8932894736842105,
    "f1_macro": 0.893334468012694,
    "precision_macro": 0.8950778009988942,
    "recall_macro": 0.8932894736842104,
    "confusion_matrix": [
      [
        1749,
        40,
        66,
        45
      ],
      [
        57,
        1825,
        10,
        8
      ],
      [
        108,
        6,
        1666,
        120
      ],
      [
        53,
        4,
        294,
        1549
      ]
    ]
  },
  "per_class_stats": {
    "0": {
      "accuracy": 0.9205263157894736,
      "precision": 0.8891713268937468,
      "recall": 0.9205263157894736,
      "f1": 0.9045771916214119,
      "mean_confidence": 0.9262881495804731
    },
    "1": {
      "accuracy": 0.9605263157894737,
      "precision": 0.9733333333333334,
      "recall": 0.9605263157894737,
      "f1": 0.9668874172185431,
      "mean_confidence": 0.8998042735099793
    },
    "2": {
      "accuracy": 0.8768421052631579,
      "precision": 0.8182711198428291,
      "recall": 0.8768421052631579,
      "f1": 0.8465447154471545,
      "mean_confidence": 0.8794088001072056
    },
    "3": {
      "accuracy": 0.8152631578947368,
      "precision": 0.8995354239256679,
      "recall": 0.8152631578947368,
      "f1": 0.8553285477636665,
      "mean_confidence": 0.8481591413626134
    }
  }
}