{
  "model": "trial_16",
  "dataset": "sst2",
  "timestamp": "2026-02-01 03:57:26",
  "overall_accuracy": 0.786697247706422,
  "metrics": {
    "accuracy": 0.786697247706422,
    "f1_macro": 0.7769820971867007,
    "precision_macro": 0.836653735452384,
    "recall_macro": 0.7831312621032247,
    "confusion_matrix": [
      [
        252,
        176
      ],
      [
        10,
        434
      ]
    ]
  },
  "per_class_stats": {
    "0": {
      "accuracy": 0.5887850467289719,
      "precision": 0.9618320610687023,
      "recall": 0.5887850467289719,
      "f1": 0.7304347826086957,
      "mean_confidence": 0.7592814855903159
    },
    "1": {
      "accuracy": 0.9774774774774775,
      "precision": 0.7114754098360656,
      "recall": 0.9774774774774775,
      "f1": 0.8235294117647058,
      "mean_confidence": 0.8799933085676099
    }
  }
}