{
  "model": "trial_16",
  "dataset": "mnli",
  "timestamp": "2026-02-01 03:57:26",
  "overall_accuracy": 0.48660213958227205,
  "metrics": {
    "accuracy": 0.48660213958227205,
    "f1_macro": 0.46353059165210436,
    "precision_macro": 0.6092384944748089,
    "recall_macro": 0.4937077704056477,
    "confusion_matrix": [
      [
        1245,
        2176,
        58
      ],
      [
        247,
        2708,
        168
      ],
      [
        431,
        1959,
        823
      ]
    ]
  },
  "per_class_stats": {
    "0": {
      "accuracy": 0.3578614544409313,
      "precision": 0.6474258970358814,
      "recall": 0.3578614544409313,
      "f1": 0.4609403924472418,
      "mean_confidence": 0.596388753121927
    },
    "1": {
      "accuracy": 0.867114953570285,
      "precision": 0.3957328657021774,
      "recall": 0.867114953570285,
      "f1": 0.5434477222556693,
      "mean_confidence": 0.6662449866825074
    },
    "2": {
      "accuracy": 0.25614690320572675,
      "precision": 0.784556720686368,
      "recall": 0.25614690320572675,
      "f1": 0.38620366025340214,
      "mean_confidence": 0.7638091618555631
    }
  }
}