{
  "model": "trial_7",
  "dataset": "sst2",
  "timestamp": "2026-02-01 04:19:15",
  "overall_accuracy": 0.6444954128440367,
  "metrics": {
    "accuracy": 0.6444954128440367,
    "f1_macro": 0.5899645056578589,
    "precision_macro": 0.7790331503468233,
    "recall_macro": 0.6380188599814768,
    "confusion_matrix": [
      [
        122,
        306
      ],
      [
        4,
        440
      ]
    ]
  },
  "per_class_stats": {
    "0": {
      "accuracy": 0.2850467289719626,
      "precision": 0.9682539682539683,
      "recall": 0.2850467289719626,
      "f1": 0.4404332129963899,
      "mean_confidence": 0.6249505130071489
    },
    "1": {
      "accuracy": 0.990990990990991,
      "precision": 0.5898123324396782,
      "recall": 0.990990990990991,
      "f1": 0.7394957983193278,
      "mean_confidence": 0.7909890992551962
    }
  }
}