{
  "model": "trial_76",
  "dataset": "sst2",
  "timestamp": "2026-02-01 09:45:19",
  "overall_accuracy": 0.8176605504587156,
  "metrics": {
    "accuracy": 0.8176605504587156,
    "f1_macro": 0.8118687879507446,
    "precision_macro": 0.8537330470630682,
    "recall_macro": 0.8147154163509304,
    "confusion_matrix": [
      [
        280,
        148
      ],
      [
        11,
        433
      ]
    ]
  },
  "per_class_stats": {
    "0": {
      "accuracy": 0.6542056074766355,
      "precision": 0.9621993127147767,
      "recall": 0.6542056074766355,
      "f1": 0.7788595271210014,
      "mean_confidence": 0.7964687210178047
    },
    "1": {
      "accuracy": 0.9752252252252253,
      "precision": 0.7452667814113597,
      "recall": 0.9752252252252253,
      "f1": 0.8448780487804878,
      "mean_confidence": 0.8981349041457841
    }
  }
}