{
  "model": "trial_76",
  "dataset": "mnli",
  "timestamp": "2026-02-01 09:45:19",
  "overall_accuracy": 0.5736118186449313,
  "metrics": {
    "accuracy": 0.5736118186449313,
    "f1_macro": 0.5647459219970661,
    "precision_macro": 0.6663858646007562,
    "recall_macro": 0.5781564585022161,
    "confusion_matrix": [
      [
        1764,
        1669,
        46
      ],
      [
        238,
        2697,
        188
      ],
      [
        478,
        1566,
        1169
      ]
    ]
  },
  "per_class_stats": {
    "0": {
      "accuracy": 0.5070422535211268,
      "precision": 0.7112903225806452,
      "recall": 0.5070422535211268,
      "f1": 0.5920456452424904,
      "mean_confidence": 0.6406260881092279
    },
    "1": {
      "accuracy": 0.8635926993275697,
      "precision": 0.45465273095077546,
      "recall": 0.8635926993275697,
      "f1": 0.5956929872998343,
      "mean_confidence": 0.6857425409418783
    },
    "2": {
      "accuracy": 0.3638344226579521,
      "precision": 0.8332145402708482,
      "recall": 0.3638344226579521,
      "f1": 0.5064991334488734,
      "mean_confidence": 0.7990584208424909
    }
  }
}