{
  "model": "trial_76",
  "dataset": "ag-news",
  "timestamp": "2026-02-01 09:45:19",
  "overall_accuracy": 0.8635526315789473,
  "metrics": {
    "accuracy": 0.8635526315789473,
    "f1_macro": 0.864318103780134,
    "precision_macro": 0.8700266757119406,
    "recall_macro": 0.8635526315789473,
    "confusion_matrix": [
      [
        1751,
        37,
        65,
        47
      ],
      [
        192,
        1678,
        20,
        10
      ],
      [
        151,
        6,
        1624,
        119
      ],
      [
        81,
        2,
        307,
        1510
      ]
    ]
  },
  "per_class_stats": {
    "0": {
      "accuracy": 0.921578947368421,
      "precision": 0.8050574712643678,
      "recall": 0.921578947368421,
      "f1": 0.8593865030674847,
      "mean_confidence": 0.879344705247331
    },
    "1": {
      "accuracy": 0.8831578947368421,
      "precision": 0.9738827626233314,
      "recall": 0.8831578947368421,
      "f1": 0.9263041678167264,
      "mean_confidence": 0.8223884990065857
    },
    "2": {
      "accuracy": 0.8547368421052631,
      "precision": 0.8055555555555556,
      "recall": 0.8547368421052631,
      "f1": 0.8294177732379979,
      "mean_confidence": 0.8334809955623415
    },
    "3": {
      "accuracy": 0.7947368421052632,
      "precision": 0.8956109134045077,
      "recall": 0.7947368421052632,
      "f1": 0.8421639709983268,
      "mean_confidence": 0.8091480850572405
    }
  }
}