{
  "model": "trial_20",
  "dataset": "sst2",
  "timestamp": "2026-02-02 22:31:37",
  "overall_accuracy": 0.676605504587156,
  "metrics": {
    "accuracy": 0.676605504587156,
    "f1_macro": 0.6394284909909911,
    "precision_macro": 0.7797643654402646,
    "recall_macro": 0.6709396312200051,
    "confusion_matrix": [
      [
        155,
        273
      ],
      [
        9,
        435
      ]
    ]
  },
  "per_class_stats": {
    "0": {
      "accuracy": 0.3621495327102804,
      "precision": 0.9451219512195121,
      "recall": 0.3621495327102804,
      "f1": 0.5236486486486487,
      "mean_confidence": 0.5704057056729387
    },
    "1": {
      "accuracy": 0.9797297297297297,
      "precision": 0.614406779661017,
      "recall": 0.9797297297297297,
      "f1": 0.7552083333333334,
      "mean_confidence": 0.6670750699474313
    }
  }
}