{
  "model": "trial_40",
  "dataset": "mnli",
  "timestamp": "2026-01-29 23:48:54",
  "overall_accuracy": 0.6965868568517575,
  "metrics": {
    "accuracy": 0.6965868568517575,
    "f1_macro": 0.6886877121594539,
    "precision_macro": 0.746994838036048,
    "recall_macro": 0.6960728010301714,
    "confusion_matrix": [
      [
        2672,
        787,
        20
      ],
      [
        340,
        2663,
        120
      ],
      [
        567,
        1144,
        1502
      ]
    ]
  },
  "per_class_stats": {
    "0": {
      "accuracy": 0.7680367921816614,
      "precision": 0.7465772562168204,
      "recall": 0.7680367921816614,
      "f1": 0.757155001416832,
      "mean_confidence": 0.7638282971563336
    },
    "1": {
      "accuracy": 0.8527057316682677,
      "precision": 0.5796691336525903,
      "recall": 0.8527057316682677,
      "f1": 0.6901645717247635,
      "mean_confidence": 0.7524604474883211
    },
    "2": {
      "accuracy": 0.46747587924058515,
      "precision": 0.9147381242387332,
      "recall": 0.46747587924058515,
      "f1": 0.6187435633367662,
      "mean_confidence": 0.8220986004796301
    }
  }
}