{
  "model": "trial_40",
  "dataset": "ag-news",
  "timestamp": "2026-01-29 23:48:54",
  "overall_accuracy": 0.8401315789473685,
  "metrics": {
    "accuracy": 0.8401315789473685,
    "f1_macro": 0.8409413611028828,
    "precision_macro": 0.8525838347477106,
    "recall_macro": 0.8401315789473685,
    "confusion_matrix": [
      [
        1711,
        18,
        88,
        83
      ],
      [
        225,
        1445,
        160,
        70
      ],
      [
        85,
        0,
        1680,
        135
      ],
      [
        52,
        1,
        298,
        1549
      ]
    ]
  },
  "per_class_stats": {
    "0": {
      "accuracy": 0.9005263157894737,
      "precision": 0.8253738543174144,
      "recall": 0.9005263157894737,
      "f1": 0.8613138686131386,
      "mean_confidence": 0.7872391797411689
    },
    "1": {
      "accuracy": 0.7605263157894737,
      "precision": 0.9870218579234973,
      "recall": 0.7605263157894737,
      "f1": 0.8590963139120095,
      "mean_confidence": 0.6864960350788356
    },
    "2": {
      "accuracy": 0.8842105263157894,
      "precision": 0.7547169811320755,
      "recall": 0.8842105263157894,
      "f1": 0.814348036839554,
      "mean_confidence": 0.7536535155687478
    },
    "3": {
      "accuracy": 0.8152631578947368,
      "precision": 0.8432226456178552,
      "recall": 0.8152631578947368,
      "f1": 0.829007225046829,
      "mean_confidence": 0.721190991921469
    }
  }
}