{
  "model": "trial_40",
  "dataset": "sst2",
  "timestamp": "2026-01-29 23:48:54",
  "overall_accuracy": 0.7591743119266054,
  "metrics": {
    "accuracy": 0.7591743119266054,
    "f1_macro": 0.7434316714490674,
    "precision_macro": 0.8298735970360684,
    "recall_macro": 0.7548833880609582,
    "confusion_matrix": [
      [
        223,
        205
      ],
      [
        5,
        439
      ]
    ]
  },
  "per_class_stats": {
    "0": {
      "accuracy": 0.5210280373831776,
      "precision": 0.9780701754385965,
      "recall": 0.5210280373831776,
      "f1": 0.6798780487804879,
      "mean_confidence": 0.6375748894193716
    },
    "1": {
      "accuracy": 0.9887387387387387,
      "precision": 0.6816770186335404,
      "recall": 0.9887387387387387,
      "f1": 0.8069852941176471,
      "mean_confidence": 0.7700528494134453
    }
  }
}