{
  "model": "trial_0",
  "dataset": "sst2",
  "timestamp": "2026-02-01 04:05:06",
  "overall_accuracy": 0.7029816513761468,
  "metrics": {
    "accuracy": 0.7029816513761468,
    "f1_macro": 0.672759465572426,
    "precision_macro": 0.8027723362918894,
    "recall_macro": 0.6976403974067525,
    "confusion_matrix": [
      [
        174,
        254
      ],
      [
        5,
        439
      ]
    ]
  },
  "per_class_stats": {
    "0": {
      "accuracy": 0.40654205607476634,
      "precision": 0.9720670391061452,
      "recall": 0.40654205607476634,
      "f1": 0.5733113673805601,
      "mean_confidence": 0.6662244387179114
    },
    "1": {
      "accuracy": 0.9887387387387387,
      "precision": 0.6334776334776335,
      "recall": 0.9887387387387387,
      "f1": 0.772207563764292,
      "mean_confidence": 0.8236606818600994
    }
  }
}