{
  "model": "trial_0",
  "dataset": "mnli",
  "timestamp": "2026-02-01 04:05:06",
  "overall_accuracy": 0.45573102394294446,
  "metrics": {
    "accuracy": 0.45573102394294446,
    "f1_macro": 0.4347120260793968,
    "precision_macro": 0.5384676181984159,
    "recall_macro": 0.46214772012662714,
    "confusion_matrix": [
      [
        1179,
        2127,
        173
      ],
      [
        392,
        2491,
        240
      ],
      [
        481,
        1929,
        803
      ]
    ]
  },
  "per_class_stats": {
    "0": {
      "accuracy": 0.3388904857717735,
      "precision": 0.5745614035087719,
      "recall": 0.3388904857717735,
      "f1": 0.4263243536431025,
      "mean_confidence": 0.5645215527878867
    },
    "1": {
      "accuracy": 0.7976304835094461,
      "precision": 0.38047960898121275,
      "recall": 0.7976304835094461,
      "f1": 0.5152016546018614,
      "mean_confidence": 0.6224289077583189
    },
    "2": {
      "accuracy": 0.24992219109866168,
      "precision": 0.6603618421052632,
      "recall": 0.24992219109866168,
      "f1": 0.3626100699932265,
      "mean_confidence": 0.6638378477900436
    }
  }
}