{
  "model": "trial_0",
  "dataset": "ag-news",
  "timestamp": "2026-02-01 04:05:06",
  "overall_accuracy": 0.9348684210526316,
  "metrics": {
    "accuracy": 0.9348684210526316,
    "f1_macro": 0.9348744667432234,
    "precision_macro": 0.9349679577468242,
    "recall_macro": 0.9348684210526316,
    "confusion_matrix": [
      [
        1800,
        15,
        42,
        43
      ],
      [
        11,
        1869,
        12,
        8
      ],
      [
        58,
        6,
        1731,
        105
      ],
      [
        40,
        6,
        149,
        1705
      ]
    ]
  },
  "per_class_stats": {
    "0": {
      "accuracy": 0.9473684210526315,
      "precision": 0.9429020429544264,
      "recall": 0.9473684210526315,
      "f1": 0.9451299553688632,
      "mean_confidence": 0.9609969234578956
    },
    "1": {
      "accuracy": 0.9836842105263158,
      "precision": 0.9857594936708861,
      "recall": 0.9836842105263158,
      "f1": 0.9847207586933614,
      "mean_confidence": 0.9705715117040817
    },
    "2": {
      "accuracy": 0.9110526315789473,
      "precision": 0.8950361944157187,
      "recall": 0.9110526315789473,
      "f1": 0.9029733959311425,
      "mean_confidence": 0.9324794602585184
    },
    "3": {
      "accuracy": 0.8973684210526316,
      "precision": 0.9161740999462654,
      "recall": 0.8973684210526316,
      "f1": 0.9066737569795267,
      "mean_confidence": 0.9309868850034133
    }
  }
}