{
  "model": "trial_85",
  "dataset": "sst2",
  "timestamp": "2026-02-01 10:08:04",
  "overall_accuracy": 0.8096330275229358,
  "metrics": {
    "accuracy": 0.8096330275229358,
    "f1_macro": 0.8030006097029876,
    "precision_macro": 0.8488310817284661,
    "recall_macro": 0.8065378462574724,
    "confusion_matrix": [
      [
        273,
        155
      ],
      [
        11,
        433
      ]
    ]
  },
  "per_class_stats": {
    "0": {
      "accuracy": 0.6378504672897196,
      "precision": 0.9612676056338029,
      "recall": 0.6378504672897196,
      "f1": 0.7668539325842697,
      "mean_confidence": 0.7724942164102071
    },
    "1": {
      "accuracy": 0.9752252252252253,
      "precision": 0.7363945578231292,
      "recall": 0.9752252252252253,
      "f1": 0.8391472868217055,
      "mean_confidence": 0.8892709944321184
    }
  }
}