{
  "model": "trial_61",
  "dataset": "ag-news",
  "timestamp": "2026-01-30 05:39:38",
  "overall_accuracy": 0.9277631578947368,
  "metrics": {
    "accuracy": 0.9277631578947368,
    "f1_macro": 0.9276770158737027,
    "precision_macro": 0.9290388705574423,
    "recall_macro": 0.9277631578947368,
    "confusion_matrix": [
      [
        1843,
        9,
        31,
        17
      ],
      [
        39,
        1843,
        12,
        6
      ],
      [
        97,
        5,
        1702,
        96
      ],
      [
        98,
        5,
        134,
        1663
      ]
    ]
  },
  "per_class_stats": {
    "0": {
      "accuracy": 0.97,
      "precision": 0.8873375060182956,
      "recall": 0.97,
      "f1": 0.926829268292683,
      "mean_confidence": 0.962828205305622
    },
    "1": {
      "accuracy": 0.97,
      "precision": 0.9897959183673469,
      "recall": 0.97,
      "f1": 0.9797979797979798,
      "mean_confidence": 0.9824094594837387
    },
    "2": {
      "accuracy": 0.8957894736842106,
      "precision": 0.9058009579563597,
      "recall": 0.8957894736842106,
      "f1": 0.9007673987827468,
      "mean_confidence": 0.9421739003612616
    },
    "3": {
      "accuracy": 0.8752631578947369,
      "precision": 0.9332210998877666,
      "recall": 0.8752631578947369,
      "f1": 0.9033134166214014,
      "mean_confidence": 0.9255523628290788
    }
  }
}