{
  "model": "trial_61",
  "dataset": "mnli",
  "timestamp": "2026-01-30 05:39:38",
  "overall_accuracy": 0.7195109526235354,
  "metrics": {
    "accuracy": 0.7195109526235354,
    "f1_macro": 0.7196269996835719,
    "precision_macro": 0.7437399499431052,
    "recall_macro": 0.7237171949773717,
    "confusion_matrix": [
      [
        2043,
        1041,
        395
      ],
      [
        163,
        2433,
        527
      ],
      [
        100,
        527,
        2586
      ]
    ]
  },
  "per_class_stats": {
    "0": {
      "accuracy": 0.5872377119862029,
      "precision": 0.885949696444059,
      "recall": 0.5872377119862029,
      "f1": 0.7063094209161624,
      "mean_confidence": 0.7536498851628275
    },
    "1": {
      "accuracy": 0.7790585975024016,
      "precision": 0.6080979755061234,
      "recall": 0.7790585975024016,
      "f1": 0.6830432341381246,
      "mean_confidence": 0.7816306654288452
    },
    "2": {
      "accuracy": 0.8048552754435108,
      "precision": 0.7371721778791334,
      "recall": 0.8048552754435108,
      "f1": 0.7695283439964291,
      "mean_confidence": 0.8517443992817687
    }
  }
}