{
  "model": "trial_1",
  "dataset": "sst2",
  "timestamp": "2026-02-02 21:32:36",
  "overall_accuracy": 0.6651376146788991,
  "metrics": {
    "accuracy": 0.6651376146788991,
    "f1_macro": 0.6215277777777778,
    "precision_macro": 0.7822159175750336,
    "recall_macro": 0.659131093710533,
    "confusion_matrix": [
      [
        142,
        286
      ],
      [
        6,
        438
      ]
    ]
  },
  "per_class_stats": {
    "0": {
      "accuracy": 0.3317757009345794,
      "precision": 0.9594594594594594,
      "recall": 0.3317757009345794,
      "f1": 0.4930555555555556,
      "mean_confidence": 0.5657333453764787
    },
    "1": {
      "accuracy": 0.9864864864864865,
      "precision": 0.6049723756906077,
      "recall": 0.9864864864864865,
      "f1": 0.75,
      "mean_confidence": 0.652596684862237
    }
  }
}