{
  "model": "trial_1",
  "dataset": "ag-news",
  "timestamp": "2026-02-02 21:32:36",
  "overall_accuracy": 0.6494736842105263,
  "metrics": {
    "accuracy": 0.6494736842105263,
    "f1_macro": 0.6442058894637381,
    "precision_macro": 0.7402048666093506,
    "recall_macro": 0.6494736842105263,
    "confusion_matrix": [
      [
        1165,
        17,
        119,
        599
      ],
      [
        241,
        688,
        168,
        803
      ],
      [
        48,
        6,
        1447,
        399
      ],
      [
        25,
        4,
        235,
        1636
      ]
    ]
  },
  "per_class_stats": {
    "0": {
      "accuracy": 0.6131578947368421,
      "precision": 0.7876943881000676,
      "recall": 0.6131578947368421,
      "f1": 0.6895531222255105,
      "mean_confidence": 0.5993390151421067
    },
    "1": {
      "accuracy": 0.36210526315789476,
      "precision": 0.9622377622377623,
      "recall": 0.36210526315789476,
      "f1": 0.5261950286806883,
      "mean_confidence": 0.5487725289968344
    },
    "2": {
      "accuracy": 0.761578947368421,
      "precision": 0.7348908075165058,
      "recall": 0.761578947368421,
      "f1": 0.7479968984233653,
      "mean_confidence": 0.6185362289525822
    },
    "3": {
      "accuracy": 0.8610526315789474,
      "precision": 0.47599650858306664,
      "recall": 0.8610526315789474,
      "f1": 0.6130785085253888,
      "mean_confidence": 0.6128234023925764
    }
  }
}