{
  "model": "trial_1",
  "dataset": "mnli",
  "timestamp": "2026-02-02 21:32:36",
  "overall_accuracy": 0.3300050942435048,
  "metrics": {
    "accuracy": 0.3300050942435048,
    "f1_macro": 0.19400267895731196,
    "precision_macro": 0.532790953114943,
    "recall_macro": 0.344950544879053,
    "confusion_matrix": [
      [
        33,
        3439,
        7
      ],
      [
        6,
        3071,
        46
      ],
      [
        20,
        3058,
        135
      ]
    ]
  },
  "per_class_stats": {
    "0": {
      "accuracy": 0.009485484334578902,
      "precision": 0.559322033898305,
      "recall": 0.009485484334578902,
      "f1": 0.018654607122668174,
      "mean_confidence": 0.5303866358126624
    },
    "1": {
      "accuracy": 0.9833493435798911,
      "precision": 0.32096571906354515,
      "recall": 0.9833493435798911,
      "f1": 0.4839650145772595,
      "mean_confidence": 0.70049382733449
    },
    "2": {
      "accuracy": 0.04201680672268908,
      "precision": 0.7180851063829787,
      "recall": 0.04201680672268908,
      "f1": 0.07938841517200823,
      "mean_confidence": 0.7863388640132356
    }
  }
}