{
  "model": "trial_45",
  "dataset": "ag-news",
  "timestamp": "2026-01-30 04:52:43",
  "overall_accuracy": 0.9171052631578948,
  "metrics": {
    "accuracy": 0.9171052631578948,
    "f1_macro": 0.9169496207525983,
    "precision_macro": 0.9200755205675999,
    "recall_macro": 0.9171052631578948,
    "confusion_matrix": [
      [
        1850,
        9,
        25,
        16
      ],
      [
        46,
        1840,
        11,
        3
      ],
      [
        126,
        10,
        1674,
        90
      ],
      [
        147,
        7,
        140,
        1606
      ]
    ]
  },
  "per_class_stats": {
    "0": {
      "accuracy": 0.9736842105263158,
      "precision": 0.8529276164130936,
      "recall": 0.9736842105263158,
      "f1": 0.9093143278446792,
      "mean_confidence": 0.9593924903248575
    },
    "1": {
      "accuracy": 0.968421052631579,
      "precision": 0.9860664523043944,
      "recall": 0.968421052631579,
      "f1": 0.9771640998406798,
      "mean_confidence": 0.9770556177229233
    },
    "2": {
      "accuracy": 0.8810526315789474,
      "precision": 0.9048648648648648,
      "recall": 0.8810526315789474,
      "f1": 0.8928,
      "mean_confidence": 0.9393472648794586
    },
    "3": {
      "accuracy": 0.8452631578947368,
      "precision": 0.9364431486880467,
      "recall": 0.8452631578947368,
      "f1": 0.8885200553250345,
      "mean_confidence": 0.9285839681896454
    }
  }
}