{
  "model": "trial_45",
  "dataset": "sst2",
  "timestamp": "2026-01-30 04:52:43",
  "overall_accuracy": 0.8245412844036697,
  "metrics": {
    "accuracy": 0.8245412844036697,
    "f1_macro": 0.8198305746229252,
    "precision_macro": 0.8547535772909453,
    "recall_macro": 0.8218510566641408,
    "confusion_matrix": [
      [
        289,
        139
      ],
      [
        14,
        430
      ]
    ]
  },
  "per_class_stats": {
    "0": {
      "accuracy": 0.6752336448598131,
      "precision": 0.9537953795379538,
      "recall": 0.6752336448598131,
      "f1": 0.7906976744186046,
      "mean_confidence": 0.896286916221329
    },
    "1": {
      "accuracy": 0.9684684684684685,
      "precision": 0.7557117750439367,
      "recall": 0.9684684684684685,
      "f1": 0.8489634748272458,
      "mean_confidence": 0.9574010118658807
    }
  }
}