{
  "model": "trial_48",
  "dataset": "sst2",
  "timestamp": "2026-01-30 05:01:45",
  "overall_accuracy": 0.783256880733945,
  "metrics": {
    "accuracy": 0.783256880733945,
    "f1_macro": 0.7737219963670963,
    "precision_macro": 0.8304964098100773,
    "recall_macro": 0.7797528837248463,
    "confusion_matrix": [
      [
        252,
        176
      ],
      [
        13,
        431
      ]
    ]
  },
  "per_class_stats": {
    "0": {
      "accuracy": 0.5887850467289719,
      "precision": 0.9509433962264151,
      "recall": 0.5887850467289719,
      "f1": 0.7272727272727273,
      "mean_confidence": 0.7798463106155396
    },
    "1": {
      "accuracy": 0.9707207207207207,
      "precision": 0.7100494233937397,
      "recall": 0.9707207207207207,
      "f1": 0.8201712654614652,
      "mean_confidence": 0.9202959727023343
    }
  }
}