{
  "model": "trial_48",
  "dataset": "ag-news",
  "timestamp": "2026-01-30 05:01:45",
  "overall_accuracy": 0.9293421052631579,
  "metrics": {
    "accuracy": 0.9293421052631579,
    "f1_macro": 0.9291783447455004,
    "precision_macro": 0.9306844336061836,
    "recall_macro": 0.929342105263158,
    "confusion_matrix": [
      [
        1849,
        7,
        29,
        15
      ],
      [
        32,
        1854,
        11,
        3
      ],
      [
        100,
        9,
        1702,
        89
      ],
      [
        105,
        6,
        131,
        1658
      ]
    ]
  },
  "per_class_stats": {
    "0": {
      "accuracy": 0.9731578947368421,
      "precision": 0.886385426653883,
      "recall": 0.9731578947368421,
      "f1": 0.9277471149021576,
      "mean_confidence": 0.9647993440110297
    },
    "1": {
      "accuracy": 0.9757894736842105,
      "precision": 0.988272921108742,
      "recall": 0.9757894736842105,
      "f1": 0.9819915254237288,
      "mean_confidence": 0.9867558656280229
    },
    "2": {
      "accuracy": 0.8957894736842106,
      "precision": 0.9087026161238655,
      "recall": 0.8957894736842106,
      "f1": 0.9021998409753512,
      "mean_confidence": 0.9485325586553951
    },
    "3": {
      "accuracy": 0.8726315789473684,
      "precision": 0.9393767705382436,
      "recall": 0.8726315789473684,
      "f1": 0.904774897680764,
      "mean_confidence": 0.940943961879687
    }
  }
}