{
  "model": "trial_48",
  "dataset": "mnli",
  "timestamp": "2026-01-30 05:01:45",
  "overall_accuracy": 0.6705043301069791,
  "metrics": {
    "accuracy": 0.6705043301069791,
    "f1_macro": 0.6682958452755292,
    "precision_macro": 0.7025099668995801,
    "recall_macro": 0.675701436063234,
    "confusion_matrix": [
      [
        1751,
        1160,
        568
      ],
      [
        173,
        2289,
        661
      ],
      [
        103,
        569,
        2541
      ]
    ]
  },
  "per_class_stats": {
    "0": {
      "accuracy": 0.5033055475711411,
      "precision": 0.8638381845091267,
      "recall": 0.5033055475711411,
      "f1": 0.6360334180893571,
      "mean_confidence": 0.7115275037512147
    },
    "1": {
      "accuracy": 0.7329490874159462,
      "precision": 0.5696864111498258,
      "recall": 0.7329490874159462,
      "f1": 0.6410866825374597,
      "mean_confidence": 0.7563804758164704
    },
    "2": {
      "accuracy": 0.7908496732026143,
      "precision": 0.6740053050397878,
      "recall": 0.7908496732026143,
      "f1": 0.7277674351997708,
      "mean_confidence": 0.8321620662822647
    }
  }
}