{
  "model": "trial_2",
  "dataset": "ag-news",
  "timestamp": "2026-02-02 21:35:37",
  "overall_accuracy": 0.7471052631578947,
  "metrics": {
    "accuracy": 0.7471052631578947,
    "f1_macro": 0.7481118015548649,
    "precision_macro": 0.7856789377496354,
    "recall_macro": 0.7471052631578947,
    "confusion_matrix": [
      [
        1426,
        23,
        98,
        353
      ],
      [
        236,
        1097,
        142,
        425
      ],
      [
        63,
        6,
        1550,
        281
      ],
      [
        28,
        2,
        265,
        1605
      ]
    ]
  },
  "per_class_stats": {
    "0": {
      "accuracy": 0.7505263157894737,
      "precision": 0.8134626354820308,
      "recall": 0.7505263157894737,
      "f1": 0.7807281686285245,
      "mean_confidence": 0.6824842101155317
    },
    "1": {
      "accuracy": 0.5773684210526315,
      "precision": 0.9725177304964538,
      "recall": 0.5773684210526315,
      "f1": 0.7245706737120211,
      "mean_confidence": 0.6111608748687497
    },
    "2": {
      "accuracy": 0.8157894736842105,
      "precision": 0.754257907542579,
      "recall": 0.8157894736842105,
      "f1": 0.7838179519595448,
      "mean_confidence": 0.6797821089009008
    },
    "3": {
      "accuracy": 0.8447368421052631,
      "precision": 0.6024774774774775,
      "recall": 0.8447368421052631,
      "f1": 0.703330411919369,
      "mean_confidence": 0.6565410037589324
    }
  }
}