{
  "model": "trial_2",
  "dataset": "sst2",
  "timestamp": "2026-02-02 21:35:37",
  "overall_accuracy": 0.6708715596330275,
  "metrics": {
    "accuracy": 0.6708715596330275,
    "f1_macro": 0.6308872222590945,
    "precision_macro": 0.7794173978887355,
    "recall_macro": 0.6650564115517387,
    "confusion_matrix": [
      [
        149,
        279
      ],
      [
        8,
        436
      ]
    ]
  },
  "per_class_stats": {
    "0": {
      "accuracy": 0.34813084112149534,
      "precision": 0.9490445859872612,
      "recall": 0.34813084112149534,
      "f1": 0.5094017094017094,
      "mean_confidence": 0.5639835421446782
    },
    "1": {
      "accuracy": 0.9819819819819819,
      "precision": 0.6097902097902098,
      "recall": 0.9819819819819819,
      "f1": 0.7523727351164797,
      "mean_confidence": 0.6566604503384836
    }
  }
}