{
  "model": "trial_2",
  "dataset": "mnli",
  "timestamp": "2026-02-02 21:35:37",
  "overall_accuracy": 0.3264391237901172,
  "metrics": {
    "accuracy": 0.3264391237901172,
    "f1_macro": 0.18698568714982614,
    "precision_macro": 0.49973364633299,
    "recall_macro": 0.34147511761548816,
    "confusion_matrix": [
      [
        13,
        3459,
        7
      ],
      [
        3,
        3070,
        50
      ],
      [
        10,
        3082,
        121
      ]
    ]
  },
  "per_class_stats": {
    "0": {
      "accuracy": 0.0037367059499856282,
      "precision": 0.5,
      "recall": 0.0037367059499856282,
      "f1": 0.007417974322396576,
      "mean_confidence": 0.5279801556697259
    },
    "1": {
      "accuracy": 0.9830291386487352,
      "precision": 0.31942565810009366,
      "recall": 0.9830291386487352,
      "f1": 0.48217370818281763,
      "mean_confidence": 0.7020674711948949
    },
    "2": {
      "accuracy": 0.03765950824774354,
      "precision": 0.6797752808988764,
      "recall": 0.03765950824774354,
      "f1": 0.07136537894426423,
      "mean_confidence": 0.7875089973546145
    }
  }
}