{
  "model": "trial_22",
  "dataset": "mnli",
  "timestamp": "2026-01-30 03:41:30",
  "overall_accuracy": 0.6167091186958736,
  "metrics": {
    "accuracy": 0.6167091186958736,
    "f1_macro": 0.6122366288967966,
    "precision_macro": 0.6473952874308443,
    "recall_macro": 0.6217618128326317,
    "confusion_matrix": [
      [
        1547,
        1134,
        798
      ],
      [
        245,
        2028,
        850
      ],
      [
        136,
        599,
        2478
      ]
    ]
  },
  "per_class_stats": {
    "0": {
      "accuracy": 0.44466800804828976,
      "precision": 0.8023858921161826,
      "recall": 0.44466800804828976,
      "f1": 0.5722211947475495,
      "mean_confidence": 0.6494697648954589
    },
    "1": {
      "accuracy": 0.6493756003842459,
      "precision": 0.5392182930071789,
      "recall": 0.6493756003842459,
      "f1": 0.5891923300406741,
      "mean_confidence": 0.6818425819234181
    },
    "2": {
      "accuracy": 0.7712418300653595,
      "precision": 0.6005816771691711,
      "recall": 0.7712418300653595,
      "f1": 0.6752963619021665,
      "mean_confidence": 0.8151622931181778
    }
  }
}