{
  "model": "trial_22",
  "dataset": "ag-news",
  "timestamp": "2026-01-30 03:41:30",
  "overall_accuracy": 0.9142105263157895,
  "metrics": {
    "accuracy": 0.9142105263157895,
    "f1_macro": 0.9139552354658638,
    "precision_macro": 0.9170287452932351,
    "recall_macro": 0.9142105263157895,
    "confusion_matrix": [
      [
        1850,
        11,
        21,
        18
      ],
      [
        44,
        1841,
        10,
        5
      ],
      [
        138,
        11,
        1651,
        100
      ],
      [
        145,
        14,
        135,
        1606
      ]
    ]
  },
  "per_class_stats": {
    "0": {
      "accuracy": 0.9736842105263158,
      "precision": 0.8497932935231971,
      "recall": 0.9736842105263158,
      "f1": 0.9075300466028943,
      "mean_confidence": 0.9534574504505345
    },
    "1": {
      "accuracy": 0.9689473684210527,
      "precision": 0.9808204581779435,
      "recall": 0.9689473684210527,
      "f1": 0.9748477627746889,
      "mean_confidence": 0.9714111081132497
    },
    "2": {
      "accuracy": 0.8689473684210526,
      "precision": 0.9086406164006604,
      "recall": 0.8689473684210526,
      "f1": 0.8883508205542103,
      "mean_confidence": 0.9335430557575604
    },
    "3": {
      "accuracy": 0.8452631578947368,
      "precision": 0.9288606130711394,
      "recall": 0.8452631578947368,
      "f1": 0.8850923119316616,
      "mean_confidence": 0.9227691900013084
    }
  }
}