{
  "model": "trial_4",
  "dataset": "ag-news",
  "timestamp": "2026-02-02 21:41:35",
  "overall_accuracy": 0.776578947368421,
  "metrics": {
    "accuracy": 0.776578947368421,
    "f1_macro": 0.7782891414106914,
    "precision_macro": 0.804231492588475,
    "recall_macro": 0.776578947368421,
    "confusion_matrix": [
      [
        1498,
        24,
        93,
        285
      ],
      [
        214,
        1227,
        125,
        334
      ],
      [
        66,
        5,
        1572,
        257
      ],
      [
        30,
        1,
        264,
        1605
      ]
    ]
  },
  "per_class_stats": {
    "0": {
      "accuracy": 0.7884210526315789,
      "precision": 0.8285398230088495,
      "recall": 0.7884210526315789,
      "f1": 0.807982740021575,
      "mean_confidence": 0.710514221571188
    },
    "1": {
      "accuracy": 0.6457894736842106,
      "precision": 0.9761336515513126,
      "recall": 0.6457894736842106,
      "f1": 0.7773202407348749,
      "mean_confidence": 0.6369860498271676
    },
    "2": {
      "accuracy": 0.8273684210526315,
      "precision": 0.7653359298928919,
      "recall": 0.8273684210526315,
      "f1": 0.795144157814871,
      "mean_confidence": 0.7023811477736117
    },
    "3": {
      "accuracy": 0.8447368421052631,
      "precision": 0.6469165659008465,
      "recall": 0.8447368421052631,
      "f1": 0.7327094270714449,
      "mean_confidence": 0.6755192570751687
    }
  }
}