{
  "model": "trial_4",
  "dataset": "mnli",
  "timestamp": "2026-02-02 21:41:35",
  "overall_accuracy": 0.3254202750891493,
  "metrics": {
    "accuracy": 0.3254202750891493,
    "f1_macro": 0.18540550052560167,
    "precision_macro": 0.48537394924001975,
    "recall_macro": 0.34045249295796487,
    "confusion_matrix": [
      [
        10,
        3463,
        6
      ],
      [
        2,
        3067,
        54
      ],
      [
        9,
        3087,
        117
      ]
    ]
  },
  "per_class_stats": {
    "0": {
      "accuracy": 0.002874389192296637,
      "precision": 0.47619047619047616,
      "recall": 0.002874389192296637,
      "f1": 0.005714285714285714,
      "mean_confidence": 0.5196162817024049
    },
    "1": {
      "accuracy": 0.9820685238552673,
      "precision": 0.31891442237704065,
      "recall": 0.9820685238552673,
      "f1": 0.4814756671899529,
      "mean_confidence": 0.7023677550216741
    },
    "2": {
      "accuracy": 0.036414565826330535,
      "precision": 0.6610169491525424,
      "recall": 0.036414565826330535,
      "f1": 0.06902654867256637,
      "mean_confidence": 0.7878521948547687
    }
  }
}