{
  "model": "trial_4",
  "dataset": "sst2",
  "timestamp": "2026-02-02 21:41:35",
  "overall_accuracy": 0.6811926605504587,
  "metrics": {
    "accuracy": 0.6811926605504587,
    "f1_macro": 0.6462670799115142,
    "precision_macro": 0.7797050444109268,
    "recall_macro": 0.675654626589206,
    "confusion_matrix": [
      [
        160,
        268
      ],
      [
        10,
        434
      ]
    ]
  },
  "per_class_stats": {
    "0": {
      "accuracy": 0.37383177570093457,
      "precision": 0.9411764705882353,
      "recall": 0.37383177570093457,
      "f1": 0.5351170568561873,
      "mean_confidence": 0.5639872295014998
    },
    "1": {
      "accuracy": 0.9774774774774775,
      "precision": 0.6182336182336182,
      "recall": 0.9774774774774775,
      "f1": 0.7574171029668412,
      "mean_confidence": 0.6617660063114601
    }
  }
}