{
  "model": "trial_73",
  "dataset": "ag-news",
  "timestamp": "2026-02-01 09:36:48",
  "overall_accuracy": 0.8775,
  "metrics": {
    "accuracy": 0.8775,
    "f1_macro": 0.877922441469487,
    "precision_macro": 0.8809876710593012,
    "recall_macro": 0.8775000000000001,
    "confusion_matrix": [
      [
        1744,
        39,
        68,
        49
      ],
      [
        118,
        1751,
        19,
        12
      ],
      [
        134,
        6,
        1640,
        120
      ],
      [
        69,
        2,
        295,
        1534
      ]
    ]
  },
  "per_class_stats": {
    "0": {
      "accuracy": 0.9178947368421052,
      "precision": 0.8445520581113801,
      "recall": 0.9178947368421052,
      "f1": 0.8796973518284994,
      "mean_confidence": 0.8919597153224899
    },
    "1": {
      "accuracy": 0.921578947368421,
      "precision": 0.9738598442714127,
      "recall": 0.921578947368421,
      "f1": 0.9469983775013521,
      "mean_confidence": 0.8429424596310192
    },
    "2": {
      "accuracy": 0.8631578947368421,
      "precision": 0.811078140454995,
      "recall": 0.8631578947368421,
      "f1": 0.8363080061193269,
      "mean_confidence": 0.8405025044546401
    },
    "3": {
      "accuracy": 0.8073684210526316,
      "precision": 0.894460641399417,
      "recall": 0.8073684210526316,
      "f1": 0.848686030428769,
      "mean_confidence": 0.8160756637681678
    }
  }
}