{
  "model": "trial_73",
  "dataset": "mnli",
  "timestamp": "2026-02-01 09:36:48",
  "overall_accuracy": 0.48283239938869077,
  "metrics": {
    "accuracy": 0.48283239938869077,
    "f1_macro": 0.45367635728665884,
    "precision_macro": 0.6166439802224608,
    "recall_macro": 0.4901081369289954,
    "confusion_matrix": [
      [
        1239,
        2210,
        30
      ],
      [
        206,
        2772,
        145
      ],
      [
        468,
        2017,
        728
      ]
    ]
  },
  "per_class_stats": {
    "0": {
      "accuracy": 0.3561368209255533,
      "precision": 0.6476738107684266,
      "recall": 0.3561368209255533,
      "f1": 0.45956973293768544,
      "mean_confidence": 0.5976160974696988
    },
    "1": {
      "accuracy": 0.8876080691642652,
      "precision": 0.39605657951135875,
      "recall": 0.8876080691642652,
      "f1": 0.5477178423236515,
      "mean_confidence": 0.6652409326078075
    },
    "2": {
      "accuracy": 0.22657952069716775,
      "precision": 0.8062015503875969,
      "recall": 0.22657952069716775,
      "f1": 0.35374149659863946,
      "mean_confidence": 0.7870440804219061
    }
  }
}