{
  "model": "trial_73",
  "dataset": "sst2",
  "timestamp": "2026-02-01 09:36:48",
  "overall_accuracy": 0.8061926605504587,
  "metrics": {
    "accuracy": 0.8061926605504587,
    "f1_macro": 0.7991755415193202,
    "precision_macro": 0.8467553034545465,
    "recall_macro": 0.8030331733602762,
    "confusion_matrix": [
      [
        270,
        158
      ],
      [
        11,
        433
      ]
    ]
  },
  "per_class_stats": {
    "0": {
      "accuracy": 0.6308411214953271,
      "precision": 0.9608540925266904,
      "recall": 0.6308411214953271,
      "f1": 0.7616361071932299,
      "mean_confidence": 0.7614538120205292
    },
    "1": {
      "accuracy": 0.9752252252252253,
      "precision": 0.7326565143824028,
      "recall": 0.9752252252252253,
      "f1": 0.8367149758454107,
      "mean_confidence": 0.8799781547181699
    }
  }
}