{
  "model": "trial_2",
  "dataset": "ag-news",
  "timestamp": "2026-01-30 14:59:27",
  "overall_accuracy": 0.8609210526315789,
  "metrics": {
    "accuracy": 0.8609210526315789,
    "f1_macro": 0.8625688826164154,
    "precision_macro": 0.8767631799914885,
    "recall_macro": 0.8609210526315789,
    "confusion_matrix": [
      [
        1581,
        54,
        185,
        80
      ],
      [
        6,
        1734,
        122,
        38
      ],
      [
        26,
        9,
        1795,
        70
      ],
      [
        38,
        36,
        393,
        1433
      ]
    ]
  },
  "per_class_stats": {
    "0": {
      "accuracy": 0.8321052631578948,
      "precision": 0.9576014536644458,
      "recall": 0.8321052631578948,
      "f1": 0.8904533934103069,
      "mean_confidence": 0.8458491482386655
    },
    "1": {
      "accuracy": 0.9126315789473685,
      "precision": 0.9459901800327333,
      "recall": 0.9126315789473685,
      "f1": 0.9290115188856148,
      "mean_confidence": 0.7067342368846244
    },
    "2": {
      "accuracy": 0.9447368421052632,
      "precision": 0.7194388777555111,
      "recall": 0.9447368421052632,
      "f1": 0.8168373151308305,
      "mean_confidence": 0.8381041078147047
    },
    "3": {
      "accuracy": 0.7542105263157894,
      "precision": 0.8840222085132634,
      "recall": 0.7542105263157894,
      "f1": 0.8139733030389094,
      "mean_confidence": 0.7846554895928434
    }
  }
}