{
  "model": "trial_2",
  "dataset": "sst2",
  "timestamp": "2026-01-30 14:59:27",
  "overall_accuracy": 0.5596330275229358,
  "metrics": {
    "accuracy": 0.5596330275229358,
    "f1_macro": 0.44810126582278487,
    "precision_macro": 0.7298311444652908,
    "recall_macro": 0.5515702618506356,
    "confusion_matrix": [
      [
        48,
        380
      ],
      [
        4,
        440
      ]
    ]
  },
  "per_class_stats": {
    "0": {
      "accuracy": 0.11214953271028037,
      "precision": 0.9230769230769231,
      "recall": 0.11214953271028037,
      "f1": 0.2,
      "mean_confidence": 0.5546485919218797
    },
    "1": {
      "accuracy": 0.990990990990991,
      "precision": 0.5365853658536586,
      "recall": 0.990990990990991,
      "f1": 0.6962025316455697,
      "mean_confidence": 0.7026950927769265
    }
  }
}