{
  "model": "trial_2",
  "dataset": "mnli",
  "timestamp": "2026-01-30 14:59:27",
  "overall_accuracy": 0.31981660723382577,
  "metrics": {
    "accuracy": 0.31981660723382577,
    "f1_macro": 0.16444217407379563,
    "precision_macro": 0.6988713062219953,
    "recall_macro": 0.3349773921044683,
    "confusion_matrix": [
      [
        2,
        3473,
        4
      ],
      [
        0,
        3123,
        0
      ],
      [
        0,
        3199,
        14
      ]
    ]
  },
  "per_class_stats": {
    "0": {
      "accuracy": 0.0005748778384593274,
      "precision": 1.0,
      "recall": 0.0005748778384593274,
      "f1": 0.0011490950876185005,
      "mean_confidence": 0.4719289690256119
    },
    "1": {
      "accuracy": 1.0,
      "precision": 0.3188361408882083,
      "recall": 1.0,
      "f1": 0.48351137947050626,
      "mean_confidence": 0.7682005297474377
    },
    "2": {
      "accuracy": 0.004357298474945534,
      "precision": 0.7777777777777778,
      "recall": 0.004357298474945534,
      "f1": 0.008666047663262148,
      "mean_confidence": 0.5056071562899483
    }
  }
}