{
  "model": "trial_8",
  "dataset": "ag-news",
  "timestamp": "2026-02-01 04:22:19",
  "overall_accuracy": 0.9167105263157894,
  "metrics": {
    "accuracy": 0.9167105263157894,
    "f1_macro": 0.9170974767673378,
    "precision_macro": 0.9179586885916096,
    "recall_macro": 0.9167105263157895,
    "confusion_matrix": [
      [
        1774,
        17,
        53,
        56
      ],
      [
        62,
        1777,
        35,
        26
      ],
      [
        60,
        4,
        1713,
        123
      ],
      [
        34,
        4,
        159,
        1703
      ]
    ]
  },
  "per_class_stats": {
    "0": {
      "accuracy": 0.9336842105263158,
      "precision": 0.9191709844559586,
      "recall": 0.9336842105263158,
      "f1": 0.9263707571801567,
      "mean_confidence": 0.903152606647867
    },
    "1": {
      "accuracy": 0.9352631578947368,
      "precision": 0.9861265260821309,
      "recall": 0.9352631578947368,
      "f1": 0.9600216099405726,
      "mean_confidence": 0.8497748365346652
    },
    "2": {
      "accuracy": 0.901578947368421,
      "precision": 0.8739795918367347,
      "recall": 0.901578947368421,
      "f1": 0.8875647668393782,
      "mean_confidence": 0.8548634010462128
    },
    "3": {
      "accuracy": 0.8963157894736842,
      "precision": 0.8925576519916143,
      "recall": 0.8963157894736842,
      "f1": 0.8944327731092437,
      "mean_confidence": 0.8634037354363585
    }
  }
}