{
  "model": "trial_50",
  "dataset": "mnli",
  "timestamp": "2026-01-30 05:07:54",
  "overall_accuracy": 0.6995415180845644,
  "metrics": {
    "accuracy": 0.6995415180845644,
    "f1_macro": 0.6986793166059395,
    "precision_macro": 0.7240909926019677,
    "recall_macro": 0.7037970213874826,
    "confusion_matrix": [
      [
        1952,
        1004,
        523
      ],
      [
        178,
        2330,
        615
      ],
      [
        102,
        527,
        2584
      ]
    ]
  },
  "per_class_stats": {
    "0": {
      "accuracy": 0.5610807703363035,
      "precision": 0.8745519713261649,
      "recall": 0.5610807703363035,
      "f1": 0.6835930660129574,
      "mean_confidence": 0.7184652099552761
    },
    "1": {
      "accuracy": 0.7460774895933397,
      "precision": 0.6034706034706034,
      "recall": 0.7460774895933397,
      "f1": 0.6672394043528064,
      "mean_confidence": 0.7552003129733964
    },
    "2": {
      "accuracy": 0.8042328042328042,
      "precision": 0.6942504030091349,
      "recall": 0.8042328042328042,
      "f1": 0.7452054794520548,
      "mean_confidence": 0.8304544155041035
    }
  }
}