{
  "model": "trial_50",
  "dataset": "sst2",
  "timestamp": "2026-01-30 05:07:54",
  "overall_accuracy": 0.7385321100917431,
  "metrics": {
    "accuracy": 0.7385321100917431,
    "f1_macro": 0.7189816306799871,
    "precision_macro": 0.8157117291139959,
    "recall_macro": 0.7339395470236592,
    "confusion_matrix": [
      [
        207,
        221
      ],
      [
        7,
        437
      ]
    ]
  },
  "per_class_stats": {
    "0": {
      "accuracy": 0.48364485981308414,
      "precision": 0.9672897196261683,
      "recall": 0.48364485981308414,
      "f1": 0.6448598130841121,
      "mean_confidence": 0.7128641535745603
    },
    "1": {
      "accuracy": 0.9842342342342343,
      "precision": 0.6641337386018237,
      "recall": 0.9842342342342343,
      "f1": 0.7931034482758621,
      "mean_confidence": 0.8854938040750729
    }
  }
}