{
  "model": "trial_50",
  "dataset": "ag-news",
  "timestamp": "2026-01-30 05:07:54",
  "overall_accuracy": 0.9346052631578947,
  "metrics": {
    "accuracy": 0.9346052631578947,
    "f1_macro": 0.9344485784765147,
    "precision_macro": 0.9352122812372716,
    "recall_macro": 0.9346052631578946,
    "confusion_matrix": [
      [
        1843,
        8,
        29,
        20
      ],
      [
        26,
        1859,
        12,
        3
      ],
      [
        76,
        8,
        1722,
        94
      ],
      [
        89,
        6,
        126,
        1679
      ]
    ]
  },
  "per_class_stats": {
    "0": {
      "accuracy": 0.97,
      "precision": 0.9060963618485742,
      "recall": 0.97,
      "f1": 0.9369598373157092,
      "mean_confidence": 0.9708118627585961
    },
    "1": {
      "accuracy": 0.978421052631579,
      "precision": 0.9883040935672515,
      "recall": 0.978421052631579,
      "f1": 0.9833377413382703,
      "mean_confidence": 0.9900472742455364
    },
    "2": {
      "accuracy": 0.9063157894736842,
      "precision": 0.9115934356802541,
      "recall": 0.9063157894736842,
      "f1": 0.9089469517022961,
      "mean_confidence": 0.953330193643787
    },
    "3": {
      "accuracy": 0.8836842105263157,
      "precision": 0.9348552338530067,
      "recall": 0.8836842105263157,
      "f1": 0.9085497835497836,
      "mean_confidence": 0.9421351063324508
    }
  }
}