{
  "model": "trial_18",
  "dataset": "ag-news",
  "timestamp": "2026-02-02 22:25:38",
  "overall_accuracy": 0.8455263157894737,
  "metrics": {
    "accuracy": 0.8455263157894737,
    "f1_macro": 0.8471156918196375,
    "precision_macro": 0.8531340524780966,
    "recall_macro": 0.8455263157894737,
    "confusion_matrix": [
      [
        1634,
        32,
        84,
        150
      ],
      [
        141,
        1568,
        71,
        120
      ],
      [
        74,
        4,
        1623,
        199
      ],
      [
        40,
        1,
        258,
        1601
      ]
    ]
  },
  "per_class_stats": {
    "0": {
      "accuracy": 0.86,
      "precision": 0.86500794070937,
      "recall": 0.86,
      "f1": 0.862496700976511,
      "mean_confidence": 0.7970965816553085
    },
    "1": {
      "accuracy": 0.8252631578947368,
      "precision": 0.9769470404984424,
      "recall": 0.8252631578947368,
      "f1": 0.8947218259629102,
      "mean_confidence": 0.7349855850047412
    },
    "2": {
      "accuracy": 0.8542105263157894,
      "precision": 0.7971512770137524,
      "recall": 0.8542105263157894,
      "f1": 0.8246951219512195,
      "mean_confidence": 0.7713374273891768
    },
    "3": {
      "accuracy": 0.8426315789473684,
      "precision": 0.7734299516908213,
      "recall": 0.8426315789473684,
      "f1": 0.8065491183879093,
      "mean_confidence": 0.741439540417874
    }
  }
}