{
  "model": "trial_18",
  "dataset": "mnli",
  "timestamp": "2026-02-02 22:25:38",
  "overall_accuracy": 0.324095771777891,
  "metrics": {
    "accuracy": 0.324095771777891,
    "f1_macro": 0.18323330341341912,
    "precision_macro": 0.4603012747237521,
    "recall_macro": 0.33911863269508835,
    "confusion_matrix": [
      [
        7,
        3463,
        9
      ],
      [
        2,
        3064,
        57
      ],
      [
        7,
        3096,
        110
      ]
    ]
  },
  "per_class_stats": {
    "0": {
      "accuracy": 0.002012072434607646,
      "precision": 0.4375,
      "recall": 0.002012072434607646,
      "f1": 0.004005722460658083,
      "mean_confidence": 0.5213353652507067
    },
    "1": {
      "accuracy": 0.9811079090617996,
      "precision": 0.31840382417125634,
      "recall": 0.9811079090617996,
      "f1": 0.48077828338302214,
      "mean_confidence": 0.7012046571891818
    },
    "2": {
      "accuracy": 0.034235916588857766,
      "precision": 0.625,
      "recall": 0.034235916588857766,
      "f1": 0.06491590439657716,
      "mean_confidence": 0.7801978478038852
    }
  }
}