{
  "model": "trial_18",
  "dataset": "sst2",
  "timestamp": "2026-02-02 22:25:38",
  "overall_accuracy": 0.6754587155963303,
  "metrics": {
    "accuracy": 0.6754587155963303,
    "f1_macro": 0.6378519656659667,
    "precision_macro": 0.7791627367674163,
    "recall_macro": 0.6697714069209396,
    "confusion_matrix": [
      [
        154,
        274
      ],
      [
        9,
        435
      ]
    ]
  },
  "per_class_stats": {
    "0": {
      "accuracy": 0.3598130841121495,
      "precision": 0.9447852760736196,
      "recall": 0.3598130841121495,
      "f1": 0.5211505922165821,
      "mean_confidence": 0.5704122719589186
    },
    "1": {
      "accuracy": 0.9797297297297297,
      "precision": 0.613540197461213,
      "recall": 0.9797297297297297,
      "f1": 0.7545533391153513,
      "mean_confidence": 0.6663371215249991
    }
  }
}