{
  "model": "trial_61",
  "dataset": "mnli",
  "timestamp": "2026-01-30 00:50:51",
  "overall_accuracy": 0.6865002547121752,
  "metrics": {
    "accuracy": 0.6865002547121752,
    "f1_macro": 0.6771001165481927,
    "precision_macro": 0.7413145855690967,
    "recall_macro": 0.68604700956238,
    "confusion_matrix": [
      [
        2643,
        817,
        19
      ],
      [
        338,
        2668,
        117
      ],
      [
        580,
        1206,
        1427
      ]
    ]
  },
  "per_class_stats": {
    "0": {
      "accuracy": 0.7597010635240011,
      "precision": 0.7422072451558551,
      "recall": 0.7597010635240011,
      "f1": 0.7508522727272727,
      "mean_confidence": 0.7545914460236154
    },
    "1": {
      "accuracy": 0.8543067563240474,
      "precision": 0.5687486676614795,
      "recall": 0.8543067563240474,
      "f1": 0.6828768876375736,
      "mean_confidence": 0.7477529018869585
    },
    "2": {
      "accuracy": 0.4441332088390912,
      "precision": 0.9129878438899552,
      "recall": 0.4441332088390912,
      "f1": 0.597571189279732,
      "mean_confidence": 0.8165753278607217
    }
  }
}