{
  "model": "trial_68",
  "dataset": "sst2",
  "timestamp": "2026-01-30 06:01:52",
  "overall_accuracy": 0.6525229357798165,
  "metrics": {
    "accuracy": 0.6525229357798165,
    "f1_macro": 0.603359679344277,
    "precision_macro": 0.7760613734544913,
    "recall_macro": 0.6462806264208134,
    "confusion_matrix": [
      [
        131,
        297
      ],
      [
        6,
        438
      ]
    ]
  },
  "per_class_stats": {
    "0": {
      "accuracy": 0.3060747663551402,
      "precision": 0.9562043795620438,
      "recall": 0.3060747663551402,
      "f1": 0.46371681415929206,
      "mean_confidence": 0.6492717296537691
    },
    "1": {
      "accuracy": 0.9864864864864865,
      "precision": 0.5959183673469388,
      "recall": 0.9864864864864865,
      "f1": 0.7430025445292621,
      "mean_confidence": 0.8205462192191558
    }
  }
}