{
  "model": "trial_68",
  "dataset": "mnli",
  "timestamp": "2026-01-30 06:01:52",
  "overall_accuracy": 0.6917982679572083,
  "metrics": {
    "accuracy": 0.6917982679572083,
    "f1_macro": 0.6928986597072838,
    "precision_macro": 0.7230277756812606,
    "recall_macro": 0.6964699508657385,
    "confusion_matrix": [
      [
        1939,
        1175,
        365
      ],
      [
        191,
        2482,
        450
      ],
      [
        133,
        711,
        2369
      ]
    ]
  },
  "per_class_stats": {
    "0": {
      "accuracy": 0.5573440643863179,
      "precision": 0.856827220503756,
      "recall": 0.5573440643863179,
      "f1": 0.6753744339951236,
      "mean_confidence": 0.7250290024717772
    },
    "1": {
      "accuracy": 0.7947486391290426,
      "precision": 0.5682234432234432,
      "recall": 0.7947486391290426,
      "f1": 0.6626618608997463,
      "mean_confidence": 0.7636698639641205
    },
    "2": {
      "accuracy": 0.737317149081855,
      "precision": 0.7440326633165829,
      "recall": 0.737317149081855,
      "f1": 0.7406596842269814,
      "mean_confidence": 0.8236859033174401
    }
  }
}