{
  "model": "trial_68",
  "dataset": "ag-news",
  "timestamp": "2026-01-30 06:01:52",
  "overall_accuracy": 0.9392105263157895,
  "metrics": {
    "accuracy": 0.9392105263157895,
    "f1_macro": 0.9391030982336998,
    "precision_macro": 0.9394119093347845,
    "recall_macro": 0.9392105263157895,
    "confusion_matrix": [
      [
        1842,
        7,
        31,
        20
      ],
      [
        22,
        1861,
        13,
        4
      ],
      [
        60,
        7,
        1731,
        102
      ],
      [
        64,
        6,
        126,
        1704
      ]
    ]
  },
  "per_class_stats": {
    "0": {
      "accuracy": 0.9694736842105263,
      "precision": 0.9265593561368209,
      "recall": 0.9694736842105263,
      "f1": 0.9475308641975309,
      "mean_confidence": 0.9743238466996063
    },
    "1": {
      "accuracy": 0.9794736842105263,
      "precision": 0.9893673577884105,
      "recall": 0.9794736842105263,
      "f1": 0.984395662523142,
      "mean_confidence": 0.9918768855246504
    },
    "2": {
      "accuracy": 0.9110526315789473,
      "precision": 0.9105733824302998,
      "recall": 0.9110526315789473,
      "f1": 0.9108129439621152,
      "mean_confidence": 0.953672371855665
    },
    "3": {
      "accuracy": 0.8968421052631579,
      "precision": 0.9311475409836065,
      "recall": 0.8968421052631579,
      "f1": 0.9136729222520107,
      "mean_confidence": 0.9460526708371001
    }
  }
}