{
  "model": "trial_53",
  "dataset": "mnli",
  "timestamp": "2026-01-30 05:17:20",
  "overall_accuracy": 0.6678553234844625,
  "metrics": {
    "accuracy": 0.6678553234844625,
    "f1_macro": 0.6659599428593277,
    "precision_macro": 0.7035375459697114,
    "recall_macro": 0.6732990764401924,
    "confusion_matrix": [
      [
        1727,
        1223,
        529
      ],
      [
        161,
        2324,
        638
      ],
      [
        98,
        611,
        2504
      ]
    ]
  },
  "per_class_stats": {
    "0": {
      "accuracy": 0.4964070135096292,
      "precision": 0.8695871097683786,
      "recall": 0.4964070135096292,
      "f1": 0.6320219579139982,
      "mean_confidence": 0.7043879770290216
    },
    "1": {
      "accuracy": 0.7441562600064041,
      "precision": 0.5589225589225589,
      "recall": 0.7441562600064041,
      "f1": 0.638373849745914,
      "mean_confidence": 0.7508894043108659
    },
    "2": {
      "accuracy": 0.779333955804544,
      "precision": 0.6821029692181967,
      "recall": 0.779333955804544,
      "f1": 0.7274840209180709,
      "mean_confidence": 0.8330290882813447
    }
  }
}