{
  "model": "trial_53",
  "dataset": "sst2",
  "timestamp": "2026-01-30 05:17:20",
  "overall_accuracy": 0.7935779816513762,
  "metrics": {
    "accuracy": 0.7935779816513762,
    "f1_macro": 0.7861988176642057,
    "precision_macro": 0.8317225628080298,
    "recall_macro": 0.7904352951081923,
    "confusion_matrix": [
      [
        265,
        163
      ],
      [
        17,
        427
      ]
    ]
  },
  "per_class_stats": {
    "0": {
      "accuracy": 0.6191588785046729,
      "precision": 0.9397163120567376,
      "recall": 0.6191588785046729,
      "f1": 0.7464788732394366,
      "mean_confidence": 0.8368998338990178
    },
    "1": {
      "accuracy": 0.9617117117117117,
      "precision": 0.7237288135593221,
      "recall": 0.9617117117117117,
      "f1": 0.8259187620889749,
      "mean_confidence": 0.9281449752338862
    }
  }
}