{
  "model": "trial_53",
  "dataset": "ag-news",
  "timestamp": "2026-01-30 05:17:20",
  "overall_accuracy": 0.9314473684210526,
  "metrics": {
    "accuracy": 0.9314473684210526,
    "f1_macro": 0.9312355843462097,
    "precision_macro": 0.932209747149182,
    "recall_macro": 0.9314473684210527,
    "confusion_matrix": [
      [
        1845,
        10,
        26,
        19
      ],
      [
        24,
        1861,
        11,
        4
      ],
      [
        91,
        8,
        1702,
        99
      ],
      [
        99,
        7,
        123,
        1671
      ]
    ]
  },
  "per_class_stats": {
    "0": {
      "accuracy": 0.9710526315789474,
      "precision": 0.8960660514813016,
      "recall": 0.9710526315789474,
      "f1": 0.9320535488759788,
      "mean_confidence": 0.9664573284999557
    },
    "1": {
      "accuracy": 0.9794736842105263,
      "precision": 0.986744432661718,
      "recall": 0.9794736842105263,
      "f1": 0.9830956154252509,
      "mean_confidence": 0.9848064857506423
    },
    "2": {
      "accuracy": 0.8957894736842106,
      "precision": 0.9140708915145005,
      "recall": 0.8957894736842106,
      "f1": 0.9048378522062732,
      "mean_confidence": 0.9475592114231384
    },
    "3": {
      "accuracy": 0.8794736842105263,
      "precision": 0.931957612939208,
      "recall": 0.8794736842105263,
      "f1": 0.9049553208773355,
      "mean_confidence": 0.9427400123321737
    }
  }
}