{
  "model": "trial_11",
  "dataset": "sst2",
  "timestamp": "2026-01-30 03:10:30",
  "overall_accuracy": 0.8096330275229358,
  "metrics": {
    "accuracy": 0.8096330275229358,
    "f1_macro": 0.8035044280462841,
    "precision_macro": 0.8452778765256548,
    "recall_macro": 0.8066641407762902,
    "confusion_matrix": [
      [
        276,
        152
      ],
      [
        14,
        430
      ]
    ]
  },
  "per_class_stats": {
    "0": {
      "accuracy": 0.6448598130841121,
      "precision": 0.9517241379310345,
      "recall": 0.6448598130841121,
      "f1": 0.7688022284122563,
      "mean_confidence": 0.8118861728701098
    },
    "1": {
      "accuracy": 0.9684684684684685,
      "precision": 0.738831615120275,
      "recall": 0.9684684684684685,
      "f1": 0.8382066276803118,
      "mean_confidence": 0.9207048121186876
    }
  }
}