{
  "model": "trial_11",
  "dataset": "mnli",
  "timestamp": "2026-01-30 03:10:30",
  "overall_accuracy": 0.6543046357615894,
  "metrics": {
    "accuracy": 0.6543046357615894,
    "f1_macro": 0.6539652710103985,
    "precision_macro": 0.6886899490100299,
    "recall_macro": 0.6595599660431551,
    "confusion_matrix": [
      [
        1732,
        1293,
        454
      ],
      [
        203,
        2357,
        563
      ],
      [
        147,
        733,
        2333
      ]
    ]
  },
  "per_class_stats": {
    "0": {
      "accuracy": 0.4978442081057775,
      "precision": 0.8318924111431316,
      "recall": 0.4978442081057775,
      "f1": 0.6229095486423305,
      "mean_confidence": 0.698506591800425
    },
    "1": {
      "accuracy": 0.7547230227345502,
      "precision": 0.5377595254391969,
      "recall": 0.7547230227345502,
      "f1": 0.6280309086064482,
      "mean_confidence": 0.7342449195059146
    },
    "2": {
      "accuracy": 0.7261126672891379,
      "precision": 0.6964179104477612,
      "recall": 0.7261126672891379,
      "f1": 0.7109553557824165,
      "mean_confidence": 0.8165294791513414
    }
  }
}