{
  "model": "trial_11",
  "dataset": "ag-news",
  "timestamp": "2026-01-30 03:10:30",
  "overall_accuracy": 0.9346052631578947,
  "metrics": {
    "accuracy": 0.9346052631578947,
    "f1_macro": 0.9344442951985321,
    "precision_macro": 0.935268887865857,
    "recall_macro": 0.9346052631578947,
    "confusion_matrix": [
      [
        1848,
        8,
        27,
        17
      ],
      [
        25,
        1857,
        12,
        6
      ],
      [
        79,
        5,
        1723,
        93
      ],
      [
        85,
        6,
        134,
        1675
      ]
    ]
  },
  "per_class_stats": {
    "0": {
      "accuracy": 0.9726315789473684,
      "precision": 0.9072164948453608,
      "recall": 0.9726315789473684,
      "f1": 0.9387858775717551,
      "mean_confidence": 0.9679218142654127
    },
    "1": {
      "accuracy": 0.9773684210526316,
      "precision": 0.9898720682302772,
      "recall": 0.9773684210526316,
      "f1": 0.9835805084745762,
      "mean_confidence": 0.9859862019544217
    },
    "2": {
      "accuracy": 0.9068421052631579,
      "precision": 0.9087552742616034,
      "recall": 0.9068421052631579,
      "f1": 0.9077976817702845,
      "mean_confidence": 0.9436494205539991
    },
    "3": {
      "accuracy": 0.881578947368421,
      "precision": 0.9352317141261864,
      "recall": 0.881578947368421,
      "f1": 0.9076131129775129,
      "mean_confidence": 0.9388872364058567
    }
  }
}