{
  "model": "trial_49",
  "dataset": "ag-news",
  "timestamp": "2026-01-30 00:15:28",
  "overall_accuracy": 0.8189473684210526,
  "metrics": {
    "accuracy": 0.8189473684210526,
    "f1_macro": 0.8189855046617892,
    "precision_macro": 0.8354605361864073,
    "recall_macro": 0.8189473684210525,
    "confusion_matrix": [
      [
        1684,
        16,
        92,
        108
      ],
      [
        266,
        1321,
        212,
        101
      ],
      [
        84,
        0,
        1657,
        159
      ],
      [
        49,
        1,
        288,
        1562
      ]
    ]
  },
  "per_class_stats": {
    "0": {
      "accuracy": 0.8863157894736842,
      "precision": 0.8084493518963034,
      "recall": 0.8863157894736842,
      "f1": 0.8455937735375345,
      "mean_confidence": 0.747904711026042
    },
    "1": {
      "accuracy": 0.6952631578947368,
      "precision": 0.9872944693572496,
      "recall": 0.6952631578947368,
      "f1": 0.8159357628165534,
      "mean_confidence": 0.6261250593870744
    },
    "2": {
      "accuracy": 0.8721052631578947,
      "precision": 0.7367718986216096,
      "recall": 0.8721052631578947,
      "f1": 0.7987466859484214,
      "mean_confidence": 0.7102040698153012
    },
    "3": {
      "accuracy": 0.8221052631578948,
      "precision": 0.8093264248704664,
      "recall": 0.8221052631578948,
      "f1": 0.8156657963446475,
      "mean_confidence": 0.6961008861429333
    }
  }
}