{
  "model": "trial_49",
  "dataset": "mnli",
  "timestamp": "2026-01-30 00:15:28",
  "overall_accuracy": 0.7195109526235354,
  "metrics": {
    "accuracy": 0.7195109526235354,
    "f1_macro": 0.7141220924825675,
    "precision_macro": 0.7600856741455887,
    "recall_macro": 0.7186397011484168,
    "confusion_matrix": [
      [
        2760,
        696,
        23
      ],
      [
        361,
        2637,
        125
      ],
      [
        532,
        1016,
        1665
      ]
    ]
  },
  "per_class_stats": {
    "0": {
      "accuracy": 0.7933314170738718,
      "precision": 0.7555433889953463,
      "recall": 0.7933314170738718,
      "f1": 0.7739764441951766,
      "mean_confidence": 0.7937271267118566
    },
    "1": {
      "accuracy": 0.8443804034582133,
      "precision": 0.6063462865026443,
      "recall": 0.8443804034582133,
      "f1": 0.7058351177730193,
      "mean_confidence": 0.7715744010180707
    },
    "2": {
      "accuracy": 0.5182072829131653,
      "precision": 0.9183673469387755,
      "recall": 0.5182072829131653,
      "f1": 0.6625547154795066,
      "mean_confidence": 0.8342018098510304
    }
  }
}