{
  "model": "trial_14",
  "dataset": "sst2",
  "timestamp": "2026-02-01 03:51:13",
  "overall_accuracy": 0.7568807339449541,
  "metrics": {
    "accuracy": 0.7568807339449541,
    "f1_macro": 0.7416079615341609,
    "precision_macro": 0.8233836206896552,
    "recall_macro": 0.7526732339816451,
    "confusion_matrix": [
      [
        224,
        204
      ],
      [
        8,
        436
      ]
    ]
  },
  "per_class_stats": {
    "0": {
      "accuracy": 0.5233644859813084,
      "precision": 0.9655172413793104,
      "recall": 0.5233644859813084,
      "f1": 0.6787878787878788,
      "mean_confidence": 0.7137796064389164
    },
    "1": {
      "accuracy": 0.9819819819819819,
      "precision": 0.68125,
      "recall": 0.9819819819819819,
      "f1": 0.8044280442804428,
      "mean_confidence": 0.8532890304923058
    }
  }
}