{
  "model": "trial_14",
  "dataset": "ag-news",
  "timestamp": "2026-02-01 03:51:13",
  "overall_accuracy": 0.8967105263157895,
  "metrics": {
    "accuracy": 0.8967105263157895,
    "f1_macro": 0.8967496772180279,
    "precision_macro": 0.8984585493038002,
    "recall_macro": 0.8967105263157895,
    "confusion_matrix": [
      [
        1740,
        42,
        72,
        46
      ],
      [
        43,
        1840,
        11,
        6
      ],
      [
        96,
        6,
        1680,
        118
      ],
      [
        51,
        4,
        290,
        1555
      ]
    ]
  },
  "per_class_stats": {
    "0": {
      "accuracy": 0.9157894736842105,
      "precision": 0.9015544041450777,
      "recall": 0.9157894736842105,
      "f1": 0.9086161879895561,
      "mean_confidence": 0.9325374505371627
    },
    "1": {
      "accuracy": 0.968421052631579,
      "precision": 0.9725158562367865,
      "recall": 0.968421052631579,
      "f1": 0.9704641350210971,
      "mean_confidence": 0.9141743496910967
    },
    "2": {
      "accuracy": 0.8842105263157894,
      "precision": 0.8183146614710181,
      "recall": 0.8842105263157894,
      "f1": 0.8499873513786997,
      "mean_confidence": 0.8869492421339502
    },
    "3": {
      "accuracy": 0.8184210526315789,
      "precision": 0.9014492753623189,
      "recall": 0.8184210526315789,
      "f1": 0.8579310344827586,
      "mean_confidence": 0.8599763227027396
    }
  }
}