{
  "model": "trial_74",
  "dataset": "mnli",
  "timestamp": "2026-01-30 01:29:56",
  "overall_accuracy": 0.6643912379011717,
  "metrics": {
    "accuracy": 0.6643912379011717,
    "f1_macro": 0.6517981786098836,
    "precision_macro": 0.7308779417709775,
    "recall_macro": 0.6645214944902884,
    "confusion_matrix": [
      [
        2534,
        928,
        17
      ],
      [
        308,
        2709,
        106
      ],
      [
        606,
        1329,
        1278
      ]
    ]
  },
  "per_class_stats": {
    "0": {
      "accuracy": 0.7283702213279678,
      "precision": 0.7349187935034803,
      "recall": 0.7283702213279678,
      "f1": 0.7316298541937346,
      "mean_confidence": 0.7276878440255632
    },
    "1": {
      "accuracy": 0.8674351585014409,
      "precision": 0.5455094643576319,
      "recall": 0.8674351585014409,
      "f1": 0.6697984917789591,
      "mean_confidence": 0.7357815078523818
    },
    "2": {
      "accuracy": 0.39775910364145656,
      "precision": 0.9122055674518201,
      "recall": 0.39775910364145656,
      "f1": 0.5539661898569571,
      "mean_confidence": 0.8018495195640316
    }
  }
}