{
  "model": "trial_74",
  "dataset": "sst2",
  "timestamp": "2026-01-30 01:29:56",
  "overall_accuracy": 0.75,
  "metrics": {
    "accuracy": 0.75,
    "f1_macro": 0.7323375687122646,
    "precision_macro": 0.8252928053541551,
    "recall_macro": 0.7455375936684348,
    "confusion_matrix": [
      [
        215,
        213
      ],
      [
        5,
        439
      ]
    ]
  },
  "per_class_stats": {
    "0": {
      "accuracy": 0.5023364485981309,
      "precision": 0.9772727272727273,
      "recall": 0.5023364485981309,
      "f1": 0.6635802469135802,
      "mean_confidence": 0.6388594565066424
    },
    "1": {
      "accuracy": 0.9887387387387387,
      "precision": 0.6733128834355828,
      "recall": 0.9887387387387387,
      "f1": 0.801094890510949,
      "mean_confidence": 0.7621640664485335
    }
  }
}