{
  "model": "trial_74",
  "dataset": "ag-news",
  "timestamp": "2026-01-30 01:29:56",
  "overall_accuracy": 0.866578947368421,
  "metrics": {
    "accuracy": 0.866578947368421,
    "f1_macro": 0.8675283536073242,
    "precision_macro": 0.8744590551857353,
    "recall_macro": 0.866578947368421,
    "confusion_matrix": [
      [
        1743,
        18,
        72,
        67
      ],
      [
        160,
        1589,
        112,
        39
      ],
      [
        78,
        2,
        1701,
        119
      ],
      [
        57,
        2,
        288,
        1553
      ]
    ]
  },
  "per_class_stats": {
    "0": {
      "accuracy": 0.9173684210526316,
      "precision": 0.8552502453385672,
      "recall": 0.9173684210526316,
      "f1": 0.8852209243270696,
      "mean_confidence": 0.8384254873091386
    },
    "1": {
      "accuracy": 0.8363157894736842,
      "precision": 0.9863438857852266,
      "recall": 0.8363157894736842,
      "f1": 0.9051552264312162,
      "mean_confidence": 0.7599887079440756
    },
    "2": {
      "accuracy": 0.8952631578947369,
      "precision": 0.7827887712839392,
      "recall": 0.8952631578947369,
      "f1": 0.8352565676405598,
      "mean_confidence": 0.802321518888355
    },
    "3": {
      "accuracy": 0.8173684210526316,
      "precision": 0.8734533183352081,
      "recall": 0.8173684210526316,
      "f1": 0.8444806960304513,
      "mean_confidence": 0.7654775522054248
    }
  }
}