{
  "model": "trial_44",
  "dataset": "mnli",
  "timestamp": "2026-01-30 04:49:43",
  "overall_accuracy": 0.6766174223127865,
  "metrics": {
    "accuracy": 0.6766174223127865,
    "f1_macro": 0.673892410513581,
    "precision_macro": 0.7055972928390902,
    "recall_macro": 0.6812923073916736,
    "confusion_matrix": [
      [
        1800,
        1043,
        636
      ],
      [
        175,
        2207,
        741
      ],
      [
        97,
        482,
        2634
      ]
    ]
  },
  "per_class_stats": {
    "0": {
      "accuracy": 0.5173900546133946,
      "precision": 0.8687258687258688,
      "recall": 0.5173900546133946,
      "f1": 0.6485317960727797,
      "mean_confidence": 0.6999551934049857
    },
    "1": {
      "accuracy": 0.7066922830611592,
      "precision": 0.5913719185423365,
      "recall": 0.7066922830611592,
      "f1": 0.6439095550692925,
      "mean_confidence": 0.7410259605380372
    },
    "2": {
      "accuracy": 0.8197945845004668,
      "precision": 0.6566940912490651,
      "recall": 0.8197945845004668,
      "f1": 0.729235880398671,
      "mean_confidence": 0.8489792744021438
    }
  }
}