{
  "model": "trial_44",
  "dataset": "ag-news",
  "timestamp": "2026-01-30 04:49:43",
  "overall_accuracy": 0.908157894736842,
  "metrics": {
    "accuracy": 0.908157894736842,
    "f1_macro": 0.908131473470938,
    "precision_macro": 0.9127422124799499,
    "recall_macro": 0.9081578947368422,
    "confusion_matrix": [
      [
        1852,
        9,
        24,
        15
      ],
      [
        66,
        1818,
        12,
        4
      ],
      [
        146,
        9,
        1655,
        90
      ],
      [
        164,
        8,
        151,
        1577
      ]
    ]
  },
  "per_class_stats": {
    "0": {
      "accuracy": 0.9747368421052631,
      "precision": 0.8312387791741472,
      "recall": 0.9747368421052631,
      "f1": 0.8972868217054264,
      "mean_confidence": 0.9489520200439586
    },
    "1": {
      "accuracy": 0.9568421052631579,
      "precision": 0.9859002169197397,
      "recall": 0.9568421052631579,
      "f1": 0.9711538461538461,
      "mean_confidence": 0.966866066085413
    },
    "2": {
      "accuracy": 0.8710526315789474,
      "precision": 0.8984799131378935,
      "recall": 0.8710526315789474,
      "f1": 0.8845537145911277,
      "mean_confidence": 0.9258504898715096
    },
    "3": {
      "accuracy": 0.83,
      "precision": 0.935349940688019,
      "recall": 0.83,
      "f1": 0.879531511433352,
      "mean_confidence": 0.9162950926545393
    }
  }
}