{
  "model": "trial_44",
  "dataset": "sst2",
  "timestamp": "2026-01-30 04:49:43",
  "overall_accuracy": 0.8394495412844036,
  "metrics": {
    "accuracy": 0.8394495412844036,
    "f1_macro": 0.8358000979173728,
    "precision_macro": 0.865500079903203,
    "recall_macro": 0.836995874379052,
    "confusion_matrix": [
      [
        301,
        127
      ],
      [
        13,
        431
      ]
    ]
  },
  "per_class_stats": {
    "0": {
      "accuracy": 0.7032710280373832,
      "precision": 0.9585987261146497,
      "recall": 0.7032710280373832,
      "f1": 0.8113207547169812,
      "mean_confidence": 0.9053076057677056
    },
    "1": {
      "accuracy": 0.9707207207207207,
      "precision": 0.7724014336917563,
      "recall": 0.9707207207207207,
      "f1": 0.8602794411177644,
      "mean_confidence": 0.9627319730310885
    }
  }
}