{
  "model": "trial_20",
  "dataset": "sst2",
  "timestamp": "2026-01-30 03:35:23",
  "overall_accuracy": 0.7603211009174312,
  "metrics": {
    "accuracy": 0.7603211009174312,
    "f1_macro": 0.7457133568577221,
    "precision_macro": 0.8252079227763118,
    "recall_macro": 0.7561779068788415,
    "confusion_matrix": [
      [
        227,
        201
      ],
      [
        8,
        436
      ]
    ]
  },
  "per_class_stats": {
    "0": {
      "accuracy": 0.530373831775701,
      "precision": 0.9659574468085106,
      "recall": 0.530373831775701,
      "f1": 0.6847662141779789,
      "mean_confidence": 0.7516790367187338
    },
    "1": {
      "accuracy": 0.9819819819819819,
      "precision": 0.6844583987441131,
      "recall": 0.9819819819819819,
      "f1": 0.8066604995374653,
      "mean_confidence": 0.8836119630647417
    }
  }
}