{
  "model": "trial_20",
  "dataset": "mnli",
  "timestamp": "2026-01-30 03:35:23",
  "overall_accuracy": 0.6327050433010698,
  "metrics": {
    "accuracy": 0.6327050433010698,
    "f1_macro": 0.6328071052156902,
    "precision_macro": 0.658054489136692,
    "recall_macro": 0.6370625989538539,
    "confusion_matrix": [
      [
        1754,
        1201,
        524
      ],
      [
        282,
        2247,
        594
      ],
      [
        212,
        792,
        2209
      ]
    ]
  },
  "per_class_stats": {
    "0": {
      "accuracy": 0.5041678643288301,
      "precision": 0.7802491103202847,
      "recall": 0.5041678643288301,
      "f1": 0.6125371049415052,
      "mean_confidence": 0.6645114658088871
    },
    "1": {
      "accuracy": 0.7195004803073968,
      "precision": 0.5299528301886792,
      "recall": 0.7195004803073968,
      "f1": 0.6103490425098466,
      "mean_confidence": 0.6915028105507481
    },
    "2": {
      "accuracy": 0.6875194522253346,
      "precision": 0.6639615269011121,
      "recall": 0.6875194522253346,
      "f1": 0.6755351681957187,
      "mean_confidence": 0.7738563690971676
    }
  }
}