{
  "model": "trial_20",
  "dataset": "ag-news",
  "timestamp": "2026-01-30 03:35:23",
  "overall_accuracy": 0.9421052631578948,
  "metrics": {
    "accuracy": 0.9421052631578948,
    "f1_macro": 0.9419900529610985,
    "precision_macro": 0.9421407857794225,
    "recall_macro": 0.9421052631578948,
    "confusion_matrix": [
      [
        1843,
        7,
        29,
        21
      ],
      [
        15,
        1868,
        13,
        4
      ],
      [
        56,
        6,
        1733,
        105
      ],
      [
        58,
        7,
        119,
        1716
      ]
    ]
  },
  "per_class_stats": {
    "0": {
      "accuracy": 0.97,
      "precision": 0.9345841784989858,
      "recall": 0.97,
      "f1": 0.9519628099173554,
      "mean_confidence": 0.9781558513792484
    },
    "1": {
      "accuracy": 0.9831578947368421,
      "precision": 0.989406779661017,
      "recall": 0.9831578947368421,
      "f1": 0.986272439281943,
      "mean_confidence": 0.9930201363986579
    },
    "2": {
      "accuracy": 0.9121052631578948,
      "precision": 0.9149947201689546,
      "recall": 0.9121052631578948,
      "f1": 0.9135477069056405,
      "mean_confidence": 0.9568822729266558
    },
    "3": {
      "accuracy": 0.9031578947368422,
      "precision": 0.9295774647887324,
      "recall": 0.9031578947368422,
      "f1": 0.9161772557394554,
      "mean_confidence": 0.9501631480448941
    }
  }
}