{
  "model": "trial_24",
  "dataset": "sst2",
  "timestamp": "2026-01-30 03:48:11",
  "overall_accuracy": 0.6651376146788991,
  "metrics": {
    "accuracy": 0.6651376146788991,
    "f1_macro": 0.6208582745168111,
    "precision_macro": 0.7852183101249104,
    "recall_macro": 0.6590889955375937,
    "confusion_matrix": [
      [
        141,
        287
      ],
      [
        5,
        439
      ]
    ]
  },
  "per_class_stats": {
    "0": {
      "accuracy": 0.3294392523364486,
      "precision": 0.9657534246575342,
      "recall": 0.3294392523364486,
      "f1": 0.4912891986062718,
      "mean_confidence": 0.6513618941176428
    },
    "1": {
      "accuracy": 0.9887387387387387,
      "precision": 0.6046831955922864,
      "recall": 0.9887387387387387,
      "f1": 0.7504273504273504,
      "mean_confidence": 0.834782408617088
    }
  }
}