{
  "model": "trial_24",
  "dataset": "mnli",
  "timestamp": "2026-01-30 03:48:11",
  "overall_accuracy": 0.6498217014773306,
  "metrics": {
    "accuracy": 0.6498217014773306,
    "f1_macro": 0.6481059914370535,
    "precision_macro": 0.6946934365325873,
    "recall_macro": 0.6562818994395513,
    "confusion_matrix": [
      [
        1612,
        1405,
        462
      ],
      [
        169,
        2469,
        485
      ],
      [
        122,
        794,
        2297
      ]
    ]
  },
  "per_class_stats": {
    "0": {
      "accuracy": 0.46335153779821786,
      "precision": 0.8470835522858644,
      "recall": 0.46335153779821786,
      "f1": 0.5990338164251208,
      "mean_confidence": 0.7195466779528702
    },
    "1": {
      "accuracy": 0.7905859750240154,
      "precision": 0.5289203084832905,
      "recall": 0.7905859750240154,
      "f1": 0.6338082402772429,
      "mean_confidence": 0.7802160267926427
    },
    "2": {
      "accuracy": 0.7149081854964208,
      "precision": 0.7080764488286067,
      "recall": 0.7149081854964208,
      "f1": 0.7114759176087967,
      "mean_confidence": 0.818624060945505
    }
  }
}