{
  "model": "trial_24",
  "dataset": "ag-news",
  "timestamp": "2026-01-30 03:48:11",
  "overall_accuracy": 0.9375,
  "metrics": {
    "accuracy": 0.9375,
    "f1_macro": 0.9373686278346266,
    "precision_macro": 0.9378095112442314,
    "recall_macro": 0.9375,
    "confusion_matrix": [
      [
        1844,
        7,
        29,
        20
      ],
      [
        25,
        1859,
        12,
        4
      ],
      [
        63,
        7,
        1729,
        101
      ],
      [
        72,
        6,
        129,
        1693
      ]
    ]
  },
  "per_class_stats": {
    "0": {
      "accuracy": 0.9705263157894737,
      "precision": 0.9201596806387226,
      "recall": 0.9705263157894737,
      "f1": 0.944672131147541,
      "mean_confidence": 0.9747564503086541
    },
    "1": {
      "accuracy": 0.978421052631579,
      "precision": 0.9893560404470463,
      "recall": 0.978421052631579,
      "f1": 0.9838581635353268,
      "mean_confidence": 0.991926227908873
    },
    "2": {
      "accuracy": 0.91,
      "precision": 0.9104791995787257,
      "recall": 0.91,
      "f1": 0.9102395367201895,
      "mean_confidence": 0.9509687593668746
    },
    "3": {
      "accuracy": 0.8910526315789473,
      "precision": 0.9312431243124313,
      "recall": 0.8910526315789473,
      "f1": 0.9107046799354491,
      "mean_confidence": 0.9480276253521115
    }
  }
}