{
  "model": "trial_78",
  "dataset": "mnli",
  "timestamp": "2026-02-01 09:51:00",
  "overall_accuracy": 0.5554763117677025,
  "metrics": {
    "accuracy": 0.5554763117677025,
    "f1_macro": 0.5419534103853989,
    "precision_macro": 0.6630193867917512,
    "recall_macro": 0.5605541175127535,
    "confusion_matrix": [
      [
        1672,
        1771,
        36
      ],
      [
        228,
        2742,
        153
      ],
      [
        485,
        1690,
        1038
      ]
    ]
  },
  "per_class_stats": {
    "0": {
      "accuracy": 0.4805978729519977,
      "precision": 0.7010482180293501,
      "recall": 0.4805978729519977,
      "f1": 0.5702592087312415,
      "mean_confidence": 0.6338595455672505
    },
    "1": {
      "accuracy": 0.878001921229587,
      "precision": 0.44204417217475417,
      "recall": 0.878001921229587,
      "f1": 0.5880334548573879,
      "mean_confidence": 0.6880377263248726
    },
    "2": {
      "accuracy": 0.323062558356676,
      "precision": 0.8459657701711492,
      "recall": 0.323062558356676,
      "f1": 0.46756756756756757,
      "mean_confidence": 0.7927154782057392
    }
  }
}