{
  "model": "trial_78",
  "dataset": "ag-news",
  "timestamp": "2026-02-01 09:51:00",
  "overall_accuracy": 0.8775,
  "metrics": {
    "accuracy": 0.8775,
    "f1_macro": 0.8779016307926694,
    "precision_macro": 0.8811701513877721,
    "recall_macro": 0.8775000000000001,
    "confusion_matrix": [
      [
        1748,
        39,
        67,
        46
      ],
      [
        126,
        1745,
        18,
        11
      ],
      [
        126,
        7,
        1646,
        121
      ],
      [
        72,
        2,
        296,
        1530
      ]
    ]
  },
  "per_class_stats": {
    "0": {
      "accuracy": 0.92,
      "precision": 0.8436293436293436,
      "recall": 0.92,
      "f1": 0.8801611278952669,
      "mean_confidence": 0.8949540853500366
    },
    "1": {
      "accuracy": 0.9184210526315789,
      "precision": 0.9732292247629671,
      "recall": 0.9184210526315789,
      "f1": 0.9450311399945843,
      "mean_confidence": 0.8410008855359353
    },
    "2": {
      "accuracy": 0.8663157894736843,
      "precision": 0.8120374938332511,
      "recall": 0.8663157894736843,
      "f1": 0.8382989559460148,
      "mean_confidence": 0.8415840594975538
    },
    "3": {
      "accuracy": 0.8052631578947368,
      "precision": 0.8957845433255269,
      "recall": 0.8052631578947368,
      "f1": 0.8481152993348116,
      "mean_confidence": 0.8169370792823597
    }
  }
}