{
  "model": "trial_78",
  "dataset": "sst2",
  "timestamp": "2026-02-01 09:51:00",
  "overall_accuracy": 0.7981651376146789,
  "metrics": {
    "accuracy": 0.7981651376146789,
    "f1_macro": 0.7899945265462507,
    "precision_macro": 0.8432843137254902,
    "recall_macro": 0.7948135050938789,
    "confusion_matrix": [
      [
        262,
        166
      ],
      [
        10,
        434
      ]
    ]
  },
  "per_class_stats": {
    "0": {
      "accuracy": 0.6121495327102804,
      "precision": 0.9632352941176471,
      "recall": 0.6121495327102804,
      "f1": 0.7485714285714286,
      "mean_confidence": 0.7431641216663754
    },
    "1": {
      "accuracy": 0.9774774774774775,
      "precision": 0.7233333333333334,
      "recall": 0.9774774774774775,
      "f1": 0.8314176245210728,
      "mean_confidence": 0.8762685270110766
    }
  }
}