{
  "model": "trial_34",
  "dataset": "mnli",
  "timestamp": "2026-01-30 04:18:33",
  "overall_accuracy": 0.6272032603158431,
  "metrics": {
    "accuracy": 0.6272032603158431,
    "f1_macro": 0.6249571557398648,
    "precision_macro": 0.6575958669339816,
    "recall_macro": 0.6323496267067964,
    "confusion_matrix": [
      [
        1614,
        1258,
        607
      ],
      [
        236,
        2173,
        714
      ],
      [
        161,
        683,
        2369
      ]
    ]
  },
  "per_class_stats": {
    "0": {
      "accuracy": 0.4639264156366772,
      "precision": 0.8025857782197912,
      "recall": 0.4639264156366772,
      "f1": 0.5879781420765028,
      "mean_confidence": 0.6680765449852566
    },
    "1": {
      "accuracy": 0.6958053154018572,
      "precision": 0.5281964025279533,
      "recall": 0.6958053154018572,
      "f1": 0.600525079452812,
      "mean_confidence": 0.6943747848199883
    },
    "2": {
      "accuracy": 0.737317149081855,
      "precision": 0.6420054200542006,
      "recall": 0.737317149081855,
      "f1": 0.6863682456902795,
      "mean_confidence": 0.795919184891512
    }
  }
}