{
  "model": "trial_42",
  "dataset": "ag-news",
  "timestamp": "2026-01-30 04:43:24",
  "overall_accuracy": 0.9232894736842105,
  "metrics": {
    "accuracy": 0.9232894736842105,
    "f1_macro": 0.9230871271491479,
    "precision_macro": 0.9252723145534048,
    "recall_macro": 0.9232894736842105,
    "confusion_matrix": [
      [
        1850,
        8,
        26,
        16
      ],
      [
        36,
        1850,
        11,
        3
      ],
      [
        114,
        11,
        1685,
        90
      ],
      [
        126,
        7,
        135,
        1632
      ]
    ]
  },
  "per_class_stats": {
    "0": {
      "accuracy": 0.9736842105263158,
      "precision": 0.8701787394167451,
      "recall": 0.9736842105263158,
      "f1": 0.9190263288623944,
      "mean_confidence": 0.9621840599198893
    },
    "1": {
      "accuracy": 0.9736842105263158,
      "precision": 0.9861407249466951,
      "recall": 0.9736842105263158,
      "f1": 0.9798728813559322,
      "mean_confidence": 0.9787275026729112
    },
    "2": {
      "accuracy": 0.8868421052631579,
      "precision": 0.9073774905761982,
      "recall": 0.8868421052631579,
      "f1": 0.896992281075326,
      "mean_confidence": 0.941932280136169
    },
    "3": {
      "accuracy": 0.8589473684210527,
      "precision": 0.9373923032739805,
      "recall": 0.8589473684210527,
      "f1": 0.8964570173029388,
      "mean_confidence": 0.9349512772475215
    }
  }
}