{
  "model": "trial_42",
  "dataset": "mnli",
  "timestamp": "2026-01-30 04:43:24",
  "overall_accuracy": 0.6316861946001019,
  "metrics": {
    "accuracy": 0.6316861946001019,
    "f1_macro": 0.6274038922170772,
    "precision_macro": 0.6555518515308633,
    "recall_macro": 0.6352501310145691,
    "confusion_matrix": [
      [
        1713,
        927,
        839
      ],
      [
        293,
        1879,
        951
      ],
      [
        135,
        470,
        2608
      ]
    ]
  },
  "per_class_stats": {
    "0": {
      "accuracy": 0.4923828686404139,
      "precision": 0.8000934142923868,
      "recall": 0.4923828686404139,
      "f1": 0.609608540925267,
      "mean_confidence": 0.6388748473288132
    },
    "1": {
      "accuracy": 0.6016650656420108,
      "precision": 0.5735653235653235,
      "recall": 0.6016650656420108,
      "f1": 0.5872792623847476,
      "mean_confidence": 0.6468019844720797
    },
    "2": {
      "accuracy": 0.8117024587612823,
      "precision": 0.5929968167348795,
      "recall": 0.8117024587612823,
      "f1": 0.6853238733412167,
      "mean_confidence": 0.7979365686101229
    }
  }
}