{
  "model": "trial_42",
  "dataset": "sst2",
  "timestamp": "2026-01-30 04:43:24",
  "overall_accuracy": 0.8474770642201835,
  "metrics": {
    "accuracy": 0.8474770642201835,
    "f1_macro": 0.8444826166655268,
    "precision_macro": 0.8699493027006604,
    "recall_macro": 0.8452155426454492,
    "confusion_matrix": [
      [
        309,
        119
      ],
      [
        14,
        430
      ]
    ]
  },
  "per_class_stats": {
    "0": {
      "accuracy": 0.7219626168224299,
      "precision": 0.9566563467492261,
      "recall": 0.7219626168224299,
      "f1": 0.8229027962716379,
      "mean_confidence": 0.925921849237507
    },
    "1": {
      "accuracy": 0.9684684684684685,
      "precision": 0.7832422586520947,
      "recall": 0.9684684684684685,
      "f1": 0.8660624370594159,
      "mean_confidence": 0.9670117323732984
    }
  }
}