{
  "model": "trial_92",
  "dataset": "ag-news",
  "timestamp": "2026-02-01 10:27:48",
  "overall_accuracy": 0.8722368421052632,
  "metrics": {
    "accuracy": 0.8722368421052632,
    "f1_macro": 0.8727720925828186,
    "precision_macro": 0.8770029700280382,
    "recall_macro": 0.8722368421052632,
    "confusion_matrix": [
      [
        1750,
        39,
        67,
        44
      ],
      [
        151,
        1722,
        17,
        10
      ],
      [
        140,
        6,
        1636,
        118
      ],
      [
        79,
        2,
        298,
        1521
      ]
    ]
  },
  "per_class_stats": {
    "0": {
      "accuracy": 0.9210526315789473,
      "precision": 0.8254716981132075,
      "recall": 0.9210526315789473,
      "f1": 0.8706467661691543,
      "mean_confidence": 0.8908028204064324
    },
    "1": {
      "accuracy": 0.9063157894736842,
      "precision": 0.9734313171283211,
      "recall": 0.9063157894736842,
      "f1": 0.9386753883892068,
      "mean_confidence": 0.8350938408640295
    },
    "2": {
      "accuracy": 0.8610526315789474,
      "precision": 0.8107036669970268,
      "recall": 0.8610526315789474,
      "f1": 0.8351199591628382,
      "mean_confidence": 0.8386112560690689
    },
    "3": {
      "accuracy": 0.8005263157894736,
      "precision": 0.8984051978735972,
      "recall": 0.8005263157894736,
      "f1": 0.8466462566100752,
      "mean_confidence": 0.8171447049529329
    }
  }
}