{
  "model": "trial_92",
  "dataset": "mnli",
  "timestamp": "2026-02-01 10:27:48",
  "overall_accuracy": 0.5770759042282221,
  "metrics": {
    "accuracy": 0.5770759042282221,
    "f1_macro": 0.5683216531093681,
    "precision_macro": 0.6693334501272844,
    "recall_macro": 0.5815133132036757,
    "confusion_matrix": [
      [
        1787,
        1645,
        47
      ],
      [
        240,
        2701,
        182
      ],
      [
        477,
        1560,
        1176
      ]
    ]
  },
  "per_class_stats": {
    "0": {
      "accuracy": 0.5136533486634091,
      "precision": 0.7136581469648562,
      "recall": 0.5136533486634091,
      "f1": 0.5973591843556744,
      "mean_confidence": 0.6456132215528062
    },
    "1": {
      "accuracy": 0.8648735190521935,
      "precision": 0.45733152726041315,
      "recall": 0.8648735190521935,
      "f1": 0.5982943847602171,
      "mean_confidence": 0.6901310702178424
    },
    "2": {
      "accuracy": 0.3660130718954248,
      "precision": 0.8370106761565836,
      "recall": 0.3660130718954248,
      "f1": 0.509311390212213,
      "mean_confidence": 0.7973479085969756
    }
  }
}