{
  "model": "trial_1",
  "dataset": "sst2",
  "timestamp": "2026-01-30 14:54:57",
  "overall_accuracy": 0.7511467889908257,
  "metrics": {
    "accuracy": 0.7511467889908257,
    "f1_macro": 0.7399422503136928,
    "precision_macro": 0.793755892287425,
    "recall_macro": 0.7475898795992254,
    "confusion_matrix": [
      [
        237,
        191
      ],
      [
        26,
        418
      ]
    ]
  },
  "per_class_stats": {
    "0": {
      "accuracy": 0.5537383177570093,
      "precision": 0.9011406844106464,
      "recall": 0.5537383177570093,
      "f1": 0.6859623733719248,
      "mean_confidence": 0.7208237335255844
    },
    "1": {
      "accuracy": 0.9414414414414415,
      "precision": 0.6863711001642037,
      "recall": 0.9414414414414415,
      "f1": 0.7939221272554606,
      "mean_confidence": 0.8218385575244384
    }
  }
}