{
  "model": "trial_1",
  "dataset": "ag-news",
  "timestamp": "2026-01-30 14:54:57",
  "overall_accuracy": 0.8463157894736842,
  "metrics": {
    "accuracy": 0.8463157894736842,
    "f1_macro": 0.8482944095806326,
    "precision_macro": 0.8625112858293912,
    "recall_macro": 0.8463157894736841,
    "confusion_matrix": [
      [
        1573,
        50,
        180,
        97
      ],
      [
        13,
        1652,
        167,
        68
      ],
      [
        28,
        11,
        1781,
        80
      ],
      [
        51,
        39,
        384,
        1426
      ]
    ]
  },
  "per_class_stats": {
    "0": {
      "accuracy": 0.8278947368421052,
      "precision": 0.9447447447447448,
      "recall": 0.8278947368421052,
      "f1": 0.882468443197756,
      "mean_confidence": 0.7974732995033265
    },
    "1": {
      "accuracy": 0.8694736842105263,
      "precision": 0.9429223744292238,
      "recall": 0.8694736842105263,
      "f1": 0.904709748083242,
      "mean_confidence": 0.6364036015485792
    },
    "2": {
      "accuracy": 0.9373684210526316,
      "precision": 0.7089968152866242,
      "recall": 0.9373684210526316,
      "f1": 0.8073436083408885,
      "mean_confidence": 0.7853289850673099
    },
    "3": {
      "accuracy": 0.7505263157894737,
      "precision": 0.8533812088569719,
      "recall": 0.7505263157894737,
      "f1": 0.798655838700644,
      "mean_confidence": 0.7394636642747408
    }
  }
}