{
  "model": "trial_1",
  "dataset": "mnli",
  "timestamp": "2026-01-30 14:54:57",
  "overall_accuracy": 0.3443708609271523,
  "metrics": {
    "accuracy": 0.3443708609271523,
    "f1_macro": 0.21757755232163856,
    "precision_macro": 0.6317537391301524,
    "recall_macro": 0.35988236024777814,
    "confusion_matrix": [
      [
        3,
        3443,
        33
      ],
      [
        0,
        3093,
        30
      ],
      [
        1,
        2928,
        284
      ]
    ]
  },
  "per_class_stats": {
    "0": {
      "accuracy": 0.0008623167576889911,
      "precision": 0.75,
      "recall": 0.0008623167576889911,
      "f1": 0.0017226528854435831,
      "mean_confidence": 0.490870900452137
    },
    "1": {
      "accuracy": 0.9903938520653218,
      "precision": 0.3268174133558749,
      "recall": 0.9903938520653218,
      "f1": 0.4914594422817192,
      "mean_confidence": 0.7695046446915158
    },
    "2": {
      "accuracy": 0.08839091192032368,
      "precision": 0.8184438040345822,
      "recall": 0.08839091192032368,
      "f1": 0.15955056179775282,
      "mean_confidence": 0.629254403993788
    }
  }
}