{
  "model": "trial_13",
  "dataset": "sst2",
  "timestamp": "2026-01-30 03:16:34",
  "overall_accuracy": 0.7740825688073395,
  "metrics": {
    "accuracy": 0.7740825688073395,
    "f1_macro": 0.7629463626540889,
    "precision_macro": 0.8265516255124417,
    "recall_macro": 0.7703649911593837,
    "confusion_matrix": [
      [
        243,
        185
      ],
      [
        12,
        432
      ]
    ]
  },
  "per_class_stats": {
    "0": {
      "accuracy": 0.5677570093457944,
      "precision": 0.9529411764705882,
      "recall": 0.5677570093457944,
      "f1": 0.7115666178623719,
      "mean_confidence": 0.752281607132332
    },
    "1": {
      "accuracy": 0.972972972972973,
      "precision": 0.700162074554295,
      "recall": 0.972972972972973,
      "f1": 0.8143261074458058,
      "mean_confidence": 0.8913540944481205
    }
  }
}