{
  "model": "trial_13",
  "dataset": "mnli",
  "timestamp": "2026-01-30 03:16:34",
  "overall_accuracy": 0.6684666327050433,
  "metrics": {
    "accuracy": 0.6684666327050433,
    "f1_macro": 0.6688467771569094,
    "precision_macro": 0.6994172637295358,
    "recall_macro": 0.6733277241419614,
    "confusion_matrix": [
      [
        1829,
        1230,
        420
      ],
      [
        211,
        2396,
        516
      ],
      [
        155,
        722,
        2336
      ]
    ]
  },
  "per_class_stats": {
    "0": {
      "accuracy": 0.5257257832710549,
      "precision": 0.833257403189066,
      "recall": 0.5257257832710549,
      "f1": 0.6446951004582305,
      "mean_confidence": 0.7099356261635695
    },
    "1": {
      "accuracy": 0.7672110150496317,
      "precision": 0.5510579576816927,
      "recall": 0.7672110150496317,
      "f1": 0.6414134653995449,
      "mean_confidence": 0.7484354078632599
    },
    "2": {
      "accuracy": 0.7270463741051977,
      "precision": 0.7139364303178484,
      "recall": 0.7270463741051977,
      "f1": 0.720431765612953,
      "mean_confidence": 0.8171681795077976
    }
  }
}