{
  "model": "trial_13",
  "dataset": "ag-news",
  "timestamp": "2026-01-30 03:16:34",
  "overall_accuracy": 0.935921052631579,
  "metrics": {
    "accuracy": 0.935921052631579,
    "f1_macro": 0.9357949117444958,
    "precision_macro": 0.9364698980054696,
    "recall_macro": 0.9359210526315789,
    "confusion_matrix": [
      [
        1844,
        8,
        30,
        18
      ],
      [
        26,
        1856,
        12,
        6
      ],
      [
        73,
        6,
        1729,
        92
      ],
      [
        78,
        6,
        132,
        1684
      ]
    ]
  },
  "per_class_stats": {
    "0": {
      "accuracy": 0.9705263157894737,
      "precision": 0.9124195942602672,
      "recall": 0.9705263157894737,
      "f1": 0.9405763835756185,
      "mean_confidence": 0.9705727424496533
    },
    "1": {
      "accuracy": 0.9768421052631578,
      "precision": 0.9893390191897654,
      "recall": 0.9768421052631578,
      "f1": 0.9830508474576272,
      "mean_confidence": 0.9875047176059629
    },
    "2": {
      "accuracy": 0.91,
      "precision": 0.9085654230162901,
      "recall": 0.91,
      "f1": 0.9092821456744675,
      "mean_confidence": 0.9450926218794574
    },
    "3": {
      "accuracy": 0.8863157894736842,
      "precision": 0.9355555555555556,
      "recall": 0.8863157894736842,
      "f1": 0.9102702702702703,
      "mean_confidence": 0.9372342052559058
    }
  }
}