{
  "model": "trial_51",
  "dataset": "mnli",
  "timestamp": "2026-01-30 05:11:04",
  "overall_accuracy": 0.7106469689251146,
  "metrics": {
    "accuracy": 0.7106469689251146,
    "f1_macro": 0.7089134842965841,
    "precision_macro": 0.7338609517330482,
    "recall_macro": 0.7147149244981194,
    "confusion_matrix": [
      [
        1985,
        913,
        581
      ],
      [
        170,
        2287,
        666
      ],
      [
        84,
        426,
        2703
      ]
    ]
  },
  "per_class_stats": {
    "0": {
      "accuracy": 0.5705662546708824,
      "precision": 0.8865564984368022,
      "recall": 0.5705662546708824,
      "f1": 0.6942987058412032,
      "mean_confidence": 0.723194005966932
    },
    "1": {
      "accuracy": 0.7323086775536344,
      "precision": 0.6307225592939879,
      "recall": 0.7323086775536344,
      "f1": 0.6777300340791228,
      "mean_confidence": 0.7602783372996594
    },
    "2": {
      "accuracy": 0.8412698412698413,
      "precision": 0.6843037974683545,
      "recall": 0.8412698412698413,
      "f1": 0.7547117129694262,
      "mean_confidence": 0.8490180287481863
    }
  }
}