{
  "model": "trial_51",
  "dataset": "ag-news",
  "timestamp": "2026-01-30 05:11:04",
  "overall_accuracy": 0.9201315789473684,
  "metrics": {
    "accuracy": 0.9201315789473684,
    "f1_macro": 0.9199479605167983,
    "precision_macro": 0.9222229551520993,
    "recall_macro": 0.9201315789473683,
    "confusion_matrix": [
      [
        1846,
        10,
        28,
        16
      ],
      [
        42,
        1840,
        13,
        5
      ],
      [
        113,
        9,
        1688,
        90
      ],
      [
        123,
        7,
        151,
        1619
      ]
    ]
  },
  "per_class_stats": {
    "0": {
      "accuracy": 0.9715789473684211,
      "precision": 0.8691148775894538,
      "recall": 0.9715789473684211,
      "f1": 0.9174950298210736,
      "mean_confidence": 0.9621112078091519
    },
    "1": {
      "accuracy": 0.968421052631579,
      "precision": 0.9860664523043944,
      "recall": 0.968421052631579,
      "f1": 0.9771640998406798,
      "mean_confidence": 0.9818968857216298
    },
    "2": {
      "accuracy": 0.888421052631579,
      "precision": 0.8978723404255319,
      "recall": 0.888421052631579,
      "f1": 0.8931216931216931,
      "mean_confidence": 0.9419133747828767
    },
    "3": {
      "accuracy": 0.8521052631578947,
      "precision": 0.9358381502890173,
      "recall": 0.8521052631578947,
      "f1": 0.8920110192837466,
      "mean_confidence": 0.9274938624201482
    }
  }
}