{
  "model": "trial_79",
  "dataset": "mnli",
  "timestamp": "2026-02-01 09:53:51",
  "overall_accuracy": 0.4886398369842078,
  "metrics": {
    "accuracy": 0.4886398369842078,
    "f1_macro": 0.4674237005946565,
    "precision_macro": 0.6062583828661737,
    "recall_macro": 0.49584198388261963,
    "confusion_matrix": [
      [
        1233,
        2172,
        74
      ],
      [
        245,
        2696,
        182
      ],
      [
        419,
        1927,
        867
      ]
    ]
  },
  "per_class_stats": {
    "0": {
      "accuracy": 0.35441218741017533,
      "precision": 0.6499736425935688,
      "recall": 0.35441218741017533,
      "f1": 0.45870535714285715,
      "mean_confidence": 0.5980688802619073
    },
    "1": {
      "accuracy": 0.8632724943964137,
      "precision": 0.39676232523914645,
      "recall": 0.8632724943964137,
      "f1": 0.5436579955636217,
      "mean_confidence": 0.6685764569715159
    },
    "2": {
      "accuracy": 0.2698412698412698,
      "precision": 0.7720391807658059,
      "recall": 0.2698412698412698,
      "f1": 0.39990774907749077,
      "mean_confidence": 0.7493895607289733
    }
  }
}