{
  "model": "trial_88",
  "dataset": "ag-news",
  "timestamp": "2026-02-01 10:16:27",
  "overall_accuracy": 0.8709210526315789,
  "metrics": {
    "accuracy": 0.8709210526315789,
    "f1_macro": 0.8714882947296094,
    "precision_macro": 0.8758509929727539,
    "recall_macro": 0.8709210526315789,
    "confusion_matrix": [
      [
        1751,
        39,
        66,
        44
      ],
      [
        159,
        1714,
        17,
        10
      ],
      [
        141,
        6,
        1632,
        121
      ],
      [
        80,
        2,
        296,
        1522
      ]
    ]
  },
  "per_class_stats": {
    "0": {
      "accuracy": 0.921578947368421,
      "precision": 0.8216799624589395,
      "recall": 0.921578947368421,
      "f1": 0.8687670553212602,
      "mean_confidence": 0.8878563549220981
    },
    "1": {
      "accuracy": 0.9021052631578947,
      "precision": 0.9733106189664963,
      "recall": 0.9021052631578947,
      "f1": 0.9363561868341983,
      "mean_confidence": 0.8313429669383438
    },
    "2": {
      "accuracy": 0.8589473684210527,
      "precision": 0.8115365489806067,
      "recall": 0.8589473684210527,
      "f1": 0.8345691638967017,
      "mean_confidence": 0.8365559403218185
    },
    "3": {
      "accuracy": 0.8010526315789473,
      "precision": 0.8968768414849735,
      "recall": 0.8010526315789473,
      "f1": 0.8462607728662774,
      "mean_confidence": 0.8126590369235226
    }
  }
}