{
  "model": "trial_88",
  "dataset": "sst2",
  "timestamp": "2026-02-01 10:16:27",
  "overall_accuracy": 0.8061926605504587,
  "metrics": {
    "accuracy": 0.8061926605504587,
    "f1_macro": 0.798995852195772,
    "precision_macro": 0.8480147721022442,
    "recall_macro": 0.8029910751873368,
    "confusion_matrix": [
      [
        269,
        159
      ],
      [
        10,
        434
      ]
    ]
  },
  "per_class_stats": {
    "0": {
      "accuracy": 0.6285046728971962,
      "precision": 0.96415770609319,
      "recall": 0.6285046728971962,
      "f1": 0.7609618104667609,
      "mean_confidence": 0.769847991005067
    },
    "1": {
      "accuracy": 0.9774774774774775,
      "precision": 0.7318718381112985,
      "recall": 0.9774774774774775,
      "f1": 0.837029893924783,
      "mean_confidence": 0.8850647158807687
    }
  }
}