{
  "model": "trial_52",
  "dataset": "sst2",
  "timestamp": "2026-01-30 00:24:15",
  "overall_accuracy": 0.7511467889908257,
  "metrics": {
    "accuracy": 0.7511467889908257,
    "f1_macro": 0.7337329646593636,
    "precision_macro": 0.8258613619144928,
    "recall_macro": 0.7467058179675001,
    "confusion_matrix": [
      [
        216,
        212
      ],
      [
        5,
        439
      ]
    ]
  },
  "per_class_stats": {
    "0": {
      "accuracy": 0.5046728971962616,
      "precision": 0.9773755656108597,
      "recall": 0.5046728971962616,
      "f1": 0.6656394453004623,
      "mean_confidence": 0.634827709575584
    },
    "1": {
      "accuracy": 0.9887387387387387,
      "precision": 0.674347158218126,
      "recall": 0.9887387387387387,
      "f1": 0.8018264840182648,
      "mean_confidence": 0.7654995250811775
    }
  }
}