{
  "model": "trial_52",
  "dataset": "ag-news",
  "timestamp": "2026-01-30 00:24:15",
  "overall_accuracy": 0.8481578947368421,
  "metrics": {
    "accuracy": 0.8481578947368421,
    "f1_macro": 0.8490961081094016,
    "precision_macro": 0.8591616042161605,
    "recall_macro": 0.8481578947368421,
    "confusion_matrix": [
      [
        1720,
        19,
        85,
        76
      ],
      [
        204,
        1495,
        143,
        58
      ],
      [
        83,
        2,
        1691,
        124
      ],
      [
        58,
        1,
        301,
        1540
      ]
    ]
  },
  "per_class_stats": {
    "0": {
      "accuracy": 0.9052631578947369,
      "precision": 0.8329297820823245,
      "recall": 0.9052631578947369,
      "f1": 0.8675914249684742,
      "mean_confidence": 0.8029008058456762
    },
    "1": {
      "accuracy": 0.7868421052631579,
      "precision": 0.985497692814766,
      "recall": 0.7868421052631579,
      "f1": 0.8750365817968979,
      "mean_confidence": 0.708159850255863
    },
    "2": {
      "accuracy": 0.89,
      "precision": 0.7617117117117117,
      "recall": 0.89,
      "f1": 0.820873786407767,
      "mean_confidence": 0.7681079062658387
    },
    "3": {
      "accuracy": 0.8105263157894737,
      "precision": 0.8565072302558399,
      "recall": 0.8105263157894737,
      "f1": 0.8328826392644673,
      "mean_confidence": 0.7340191774758136
    }
  }
}