{
  "model": "trial_52",
  "dataset": "mnli",
  "timestamp": "2026-01-30 00:24:15",
  "overall_accuracy": 0.693428425878757,
  "metrics": {
    "accuracy": 0.693428425878757,
    "f1_macro": 0.6850763305875559,
    "precision_macro": 0.7463118843372637,
    "recall_macro": 0.6930522587493173,
    "confusion_matrix": [
      [
        2653,
        806,
        20
      ],
      [
        329,
        2678,
        116
      ],
      [
        561,
        1177,
        1475
      ]
    ]
  },
  "per_class_stats": {
    "0": {
      "accuracy": 0.7625754527162978,
      "precision": 0.7488004515946938,
      "recall": 0.7625754527162978,
      "f1": 0.7556251780119624,
      "mean_confidence": 0.758438624048381
    },
    "1": {
      "accuracy": 0.8575088056356068,
      "precision": 0.5745548165629694,
      "recall": 0.8575088056356068,
      "f1": 0.6880781089414183,
      "mean_confidence": 0.7496801471088711
    },
    "2": {
      "accuracy": 0.4590725178960473,
      "precision": 0.9155803848541278,
      "recall": 0.4590725178960473,
      "f1": 0.6115257048092869,
      "mean_confidence": 0.819585054095379
    }
  }
}