{
  "model": "trial_73",
  "dataset": "ag-news",
  "timestamp": "2026-01-30 06:18:04",
  "overall_accuracy": 0.9214473684210527,
  "metrics": {
    "accuracy": 0.9214473684210527,
    "f1_macro": 0.9213162559890425,
    "precision_macro": 0.9236476889267176,
    "recall_macro": 0.9214473684210527,
    "confusion_matrix": [
      [
        1848,
        9,
        26,
        17
      ],
      [
        42,
        1842,
        12,
        4
      ],
      [
        117,
        8,
        1683,
        92
      ],
      [
        126,
        5,
        139,
        1630
      ]
    ]
  },
  "per_class_stats": {
    "0": {
      "accuracy": 0.9726315789473684,
      "precision": 0.8663853727144867,
      "recall": 0.9726315789473684,
      "f1": 0.9164393751549715,
      "mean_confidence": 0.9594583086463357
    },
    "1": {
      "accuracy": 0.9694736842105263,
      "precision": 0.9881974248927039,
      "recall": 0.9694736842105263,
      "f1": 0.9787460148777896,
      "mean_confidence": 0.9781749896992942
    },
    "2": {
      "accuracy": 0.8857894736842106,
      "precision": 0.9048387096774193,
      "recall": 0.8857894736842106,
      "f1": 0.8952127659574468,
      "mean_confidence": 0.9401055522823847
    },
    "3": {
      "accuracy": 0.8578947368421053,
      "precision": 0.9351692484222605,
      "recall": 0.8578947368421053,
      "f1": 0.8948668679659622,
      "mean_confidence": 0.9273524637613499
    }
  }
}