{
  "model": "trial_73",
  "dataset": "mnli",
  "timestamp": "2026-01-30 06:18:04",
  "overall_accuracy": 0.6921039225674988,
  "metrics": {
    "accuracy": 0.6921039225674988,
    "f1_macro": 0.6906916700488334,
    "precision_macro": 0.713069632778979,
    "recall_macro": 0.69566721545646,
    "confusion_matrix": [
      [
        1969,
        941,
        569
      ],
      [
        207,
        2189,
        727
      ],
      [
        114,
        464,
        2635
      ]
    ]
  },
  "per_class_stats": {
    "0": {
      "accuracy": 0.5659672319632079,
      "precision": 0.859825327510917,
      "recall": 0.5659672319632079,
      "f1": 0.6826139712255157,
      "mean_confidence": 0.6998861282933747
    },
    "1": {
      "accuracy": 0.7009285943003523,
      "precision": 0.609070673344463,
      "recall": 0.7009285943003523,
      "f1": 0.6517790680363258,
      "mean_confidence": 0.7223424058641801
    },
    "2": {
      "accuracy": 0.8201058201058201,
      "precision": 0.6703128974815569,
      "recall": 0.8201058201058201,
      "f1": 0.7376819708846585,
      "mean_confidence": 0.8365425424808098
    }
  }
}