{
  "model": "trial_73",
  "dataset": "sst2",
  "timestamp": "2026-01-30 06:18:04",
  "overall_accuracy": 0.8314220183486238,
  "metrics": {
    "accuracy": 0.8314220183486238,
    "f1_macro": 0.8275295570777546,
    "precision_macro": 0.8572673704184217,
    "recall_macro": 0.828944598804412,
    "confusion_matrix": [
      [
        297,
        131
      ],
      [
        16,
        428
      ]
    ]
  },
  "per_class_stats": {
    "0": {
      "accuracy": 0.6939252336448598,
      "precision": 0.9488817891373802,
      "recall": 0.6939252336448598,
      "f1": 0.8016194331983806,
      "mean_confidence": 0.8844001255096338
    },
    "1": {
      "accuracy": 0.963963963963964,
      "precision": 0.7656529516994633,
      "recall": 0.963963963963964,
      "f1": 0.8534396809571286,
      "mean_confidence": 0.9515805869281612
    }
  }
}